timestamp,author,model,params,val_macro_f1,val_rmse,notes
2026-09-29 00:15,P1,tfidf_logreg,"{""features"": ""word12"", ""text"": ""safe_text"", ""weight"": ""balanced"", ""C"": 1, ""exp"": ""B1""}",0.6423,0.6045,
2026-09-29 00:15,P1,tfidf_logreg,"{""features"": ""word12"", ""text"": ""clean_text"", ""weight"": ""balanced"", ""C"": 1, ""exp"": ""B1""}",0.638,0.607,
2026-09-29 00:15,P1,tfidf_logreg,"{""features"": ""word1"", ""text"": ""clean_text"", ""weight"": ""balanced"", ""C"": 0.1, ""exp"": ""B2""}",0.5982,0.6624,
2026-09-29 00:15,P1,tfidf_logreg,"{""features"": ""word1"", ""text"": ""clean_text"", ""weight"": ""balanced"", ""C"": 0.5, ""exp"": ""B2""}",0.6162,0.6297,
2026-09-29 00:15,P1,tfidf_logreg,"{""features"": ""word1"", ""text"": ""clean_text"", ""weight"": ""balanced"", ""C"": 1, ""exp"": ""B2""}",0.6114,0.6221,
2026-09-29 00:15,P1,tfidf_logreg,"{""features"": ""word1"", ""text"": ""clean_text"", ""weight"": ""balanced"", ""C"": 2, ""exp"": ""B2""}",0.6164,0.6207,
2026-09-29 00:15,P1,tfidf_logreg,"{""features"": ""word1"", ""text"": ""clean_text"", ""weight"": ""balanced"", ""C"": 5, ""exp"": ""B2""}",0.6143,0.6311,
2026-09-29 00:15,P1,tfidf_logreg,"{""features"": ""word1"", ""text"": ""clean_text"", ""weight"": ""balanced"", ""C"": 10, ""exp"": ""B2""}",0.6121,0.646,
2026-09-29 00:15,P1,tfidf_logreg,"{""features"": ""word12"", ""text"": ""clean_text"", ""weight"": ""balanced"", ""C"": 0.1, ""exp"": ""B2""}",0.6011,0.6657,
2026-09-29 00:15,P1,tfidf_logreg,"{""features"": ""word12"", ""text"": ""clean_text"", ""weight"": ""balanced"", ""C"": 0.5, ""exp"": ""B2""}",0.6354,0.6217,
2026-09-29 00:15,P1,tfidf_logreg,"{""features"": ""word12"", ""text"": ""clean_text"", ""weight"": ""balanced"", ""C"": 1, ""exp"": ""B2""}",0.638,0.607,
2026-09-29 00:15,P1,tfidf_logreg,"{""features"": ""word12"", ""text"": ""clean_text"", ""weight"": ""balanced"", ""C"": 2, ""exp"": ""B2""}",0.6316,0.599,
2026-09-29 00:15,P1,tfidf_logreg,"{""features"": ""word12"", ""text"": ""clean_text"", ""weight"": ""balanced"", ""C"": 5, ""exp"": ""B2""}",0.6417,0.5993,
2026-09-29 00:15,P1,tfidf_logreg,"{""features"": ""word12"", ""text"": ""clean_text"", ""weight"": ""balanced"", ""C"": 10, ""exp"": ""B2""}",0.6373,0.6057,
2026-09-29 00:15,P1,tfidf_logreg,"{""features"": ""char25"", ""text"": ""clean_text"", ""weight"": ""balanced"", ""C"": 0.1, ""exp"": ""B2""}",0.6177,0.6498,
2026-09-29 00:15,P1,tfidf_logreg,"{""features"": ""char25"", ""text"": ""clean_text"", ""weight"": ""balanced"", ""C"": 0.5, ""exp"": ""B2""}",0.6425,0.6113,
2026-09-29 00:15,P1,tfidf_logreg,"{""features"": ""char25"", ""text"": ""clean_text"", ""weight"": ""balanced"", ""C"": 1, ""exp"": ""B2""}",0.6419,0.6015,
2026-09-29 00:15,P1,tfidf_logreg,"{""features"": ""char25"", ""text"": ""clean_text"", ""weight"": ""balanced"", ""C"": 2, ""exp"": ""B2""}",0.6518,0.5974,
2026-09-29 00:15,P1,tfidf_logreg,"{""features"": ""char25"", ""text"": ""clean_text"", ""weight"": ""balanced"", ""C"": 5, ""exp"": ""B2""}",0.6445,0.601,
2026-09-29 00:15,P1,tfidf_logreg,"{""features"": ""char25"", ""text"": ""clean_text"", ""weight"": ""balanced"", ""C"": 10, ""exp"": ""B2""}",0.6316,0.6089,
2026-09-29 00:16,P1,tfidf_logreg,"{""features"": ""word+char"", ""text"": ""clean_text"", ""weight"": ""balanced"", ""C"": 0.1, ""exp"": ""B2""}",0.6243,0.6339,
2026-09-29 00:16,P1,tfidf_logreg,"{""features"": ""word+char"", ""text"": ""clean_text"", ""weight"": ""balanced"", ""C"": 0.5, ""exp"": ""B2""}",0.6509,0.5954,
2026-09-29 00:16,P1,tfidf_logreg,"{""features"": ""word+char"", ""text"": ""clean_text"", ""weight"": ""balanced"", ""C"": 1, ""exp"": ""B2""}",0.659,0.5875,
2026-09-29 00:16,P1,tfidf_logreg,"{""features"": ""word+char"", ""text"": ""clean_text"", ""weight"": ""balanced"", ""C"": 2, ""exp"": ""B2""}",0.6477,0.586,
2026-09-29 00:16,P1,tfidf_logreg,"{""features"": ""word+char"", ""text"": ""clean_text"", ""weight"": ""balanced"", ""C"": 5, ""exp"": ""B2""}",0.6454,0.5917,
2026-09-29 00:16,P1,tfidf_logreg,"{""features"": ""word+char"", ""text"": ""clean_text"", ""weight"": ""balanced"", ""C"": 10, ""exp"": ""B2""}",0.6416,0.5998,
2026-09-29 00:16,P1,tfidf_logreg,"{""features"": ""word+char"", ""C"": 1.0, ""weight"": null, ""exp"": ""B3""}",0.6404,0.5631,
2026-09-29 00:16,P1,tfidf_logreg,"{""features"": ""word+char"", ""C"": 1.0, ""weight"": ""balanced"", ""exp"": ""B3""}",0.659,0.5875,
2026-09-29 00:16,P1,tfidf_ridge,"{""features"": ""word1"", ""text"": ""clean_text"", ""weight"": null, ""alpha"": 0.5, ""exp"": ""B4""}",0.4938,0.6124,
2026-09-29 00:16,P1,tfidf_ridge,"{""features"": ""word1"", ""text"": ""clean_text"", ""weight"": ""balanced"", ""alpha"": 0.5, ""exp"": ""B4""}",0.4872,0.6665,
2026-09-29 00:16,P1,tfidf_ridge,"{""features"": ""word1"", ""text"": ""clean_text"", ""weight"": null, ""alpha"": 1, ""exp"": ""B4""}",0.4894,0.5972,
2026-09-29 00:16,P1,tfidf_ridge,"{""features"": ""word1"", ""text"": ""clean_text"", ""weight"": ""balanced"", ""alpha"": 1, ""exp"": ""B4""}",0.4844,0.6503,
2026-09-29 00:16,P1,tfidf_ridge,"{""features"": ""word1"", ""text"": ""clean_text"", ""weight"": null, ""alpha"": 2, ""exp"": ""B4""}",0.4693,0.5898,
2026-09-29 00:16,P1,tfidf_ridge,"{""features"": ""word1"", ""text"": ""clean_text"", ""weight"": ""balanced"", ""alpha"": 2, ""exp"": ""B4""}",0.4586,0.6416,
2026-09-29 00:16,P1,tfidf_ridge,"{""features"": ""word1"", ""text"": ""clean_text"", ""weight"": null, ""alpha"": 5, ""exp"": ""B4""}",0.4343,0.5898,
2026-09-29 00:16,P1,tfidf_ridge,"{""features"": ""word1"", ""text"": ""clean_text"", ""weight"": ""balanced"", ""alpha"": 5, ""exp"": ""B4""}",0.4009,0.6411,
2026-09-29 00:16,P1,tfidf_ridge,"{""features"": ""word1"", ""text"": ""clean_text"", ""weight"": null, ""alpha"": 10, ""exp"": ""B4""}",0.3924,0.5951,
2026-09-29 00:16,P1,tfidf_ridge,"{""features"": ""word1"", ""text"": ""clean_text"", ""weight"": ""balanced"", ""alpha"": 10, ""exp"": ""B4""}",0.3572,0.6481,
2026-09-29 00:16,P1,tfidf_ridge,"{""features"": ""word12"", ""text"": ""clean_text"", ""weight"": null, ""alpha"": 0.5, ""exp"": ""B4""}",0.5102,0.6027,
2026-09-29 00:16,P1,tfidf_ridge,"{""features"": ""word12"", ""text"": ""clean_text"", ""weight"": ""balanced"", ""alpha"": 0.5, ""exp"": ""B4""}",0.4999,0.6282,
2026-09-29 00:16,P1,tfidf_ridge,"{""features"": ""word12"", ""text"": ""clean_text"", ""weight"": null, ""alpha"": 1, ""exp"": ""B4""}",0.4807,0.5896,
2026-09-29 00:16,P1,tfidf_ridge,"{""features"": ""word12"", ""text"": ""clean_text"", ""weight"": ""balanced"", ""alpha"": 1, ""exp"": ""B4""}",0.4811,0.6193,
2026-09-29 00:16,P1,tfidf_ridge,"{""features"": ""word12"", ""text"": ""clean_text"", ""weight"": null, ""alpha"": 2, ""exp"": ""B4""}",0.4692,0.5844,
2026-09-29 00:16,P1,tfidf_ridge,"{""features"": ""word12"", ""text"": ""clean_text"", ""weight"": ""balanced"", ""alpha"": 2, ""exp"": ""B4""}",0.4448,0.6179,
2026-09-29 00:16,P1,tfidf_ridge,"{""features"": ""word12"", ""text"": ""clean_text"", ""weight"": null, ""alpha"": 5, ""exp"": ""B4""}",0.4171,0.5884,
2026-09-29 00:16,P1,tfidf_ridge,"{""features"": ""word12"", ""text"": ""clean_text"", ""weight"": ""balanced"", ""alpha"": 5, ""exp"": ""B4""}",0.3745,0.6278,
2026-09-29 00:16,P1,tfidf_ridge,"{""features"": ""word12"", ""text"": ""clean_text"", ""weight"": null, ""alpha"": 10, ""exp"": ""B4""}",0.3844,0.5968,
2026-09-29 00:16,P1,tfidf_ridge,"{""features"": ""word12"", ""text"": ""clean_text"", ""weight"": ""balanced"", ""alpha"": 10, ""exp"": ""B4""}",0.3286,0.6421,
2026-09-29 00:17,P1,tfidf_ridge,"{""features"": ""char25"", ""text"": ""clean_text"", ""weight"": null, ""alpha"": 0.5, ""exp"": ""B4""}",0.512,0.5907,
2026-09-29 00:17,P1,tfidf_ridge,"{""features"": ""char25"", ""text"": ""clean_text"", ""weight"": ""balanced"", ""alpha"": 0.5, ""exp"": ""B4""}",0.5074,0.6335,
2026-09-29 00:17,P1,tfidf_ridge,"{""features"": ""char25"", ""text"": ""clean_text"", ""weight"": null, ""alpha"": 1, ""exp"": ""B4""}",0.505,0.5794,
2026-09-29 00:17,P1,tfidf_ridge,"{""features"": ""char25"", ""text"": ""clean_text"", ""weight"": ""balanced"", ""alpha"": 1, ""exp"": ""B4""}",0.5028,0.6233,
2026-09-29 00:17,P1,tfidf_ridge,"{""features"": ""char25"", ""text"": ""clean_text"", ""weight"": null, ""alpha"": 2, ""exp"": ""B4""}",0.495,0.5743,
2026-09-29 00:17,P1,tfidf_ridge,"{""features"": ""char25"", ""text"": ""clean_text"", ""weight"": ""balanced"", ""alpha"": 2, ""exp"": ""B4""}",0.4803,0.6185,
2026-09-29 00:17,P1,tfidf_ridge,"{""features"": ""char25"", ""text"": ""clean_text"", ""weight"": null, ""alpha"": 5, ""exp"": ""B4""}",0.471,0.5759,
2026-09-29 00:17,P1,tfidf_ridge,"{""features"": ""char25"", ""text"": ""clean_text"", ""weight"": ""balanced"", ""alpha"": 5, ""exp"": ""B4""}",0.4164,0.6219,
2026-09-29 00:17,P1,tfidf_ridge,"{""features"": ""char25"", ""text"": ""clean_text"", ""weight"": null, ""alpha"": 10, ""exp"": ""B4""}",0.4444,0.582,
2026-09-29 00:17,P1,tfidf_ridge,"{""features"": ""char25"", ""text"": ""clean_text"", ""weight"": ""balanced"", ""alpha"": 10, ""exp"": ""B4""}",0.3578,0.6316,
2026-09-29 00:17,P1,tfidf_ridge,"{""features"": ""word+char"", ""text"": ""clean_text"", ""weight"": null, ""alpha"": 0.5, ""exp"": ""B4""}",0.511,0.6039,
2026-09-29 00:17,P1,tfidf_ridge,"{""features"": ""word+char"", ""text"": ""clean_text"", ""weight"": ""balanced"", ""alpha"": 0.5, ""exp"": ""B4""}",0.5126,0.6252,
2026-09-29 00:17,P1,tfidf_ridge,"{""features"": ""word+char"", ""text"": ""clean_text"", ""weight"": null, ""alpha"": 1, ""exp"": ""B4""}",0.5133,0.5875,
2026-09-29 00:17,P1,tfidf_ridge,"{""features"": ""word+char"", ""text"": ""clean_text"", ""weight"": ""balanced"", ""alpha"": 1, ""exp"": ""B4""}",0.5083,0.6142,
2026-09-29 00:17,P1,tfidf_ridge,"{""features"": ""word+char"", ""text"": ""clean_text"", ""weight"": null, ""alpha"": 2, ""exp"": ""B4""}",0.5099,0.5765,
2026-09-29 00:17,P1,tfidf_ridge,"{""features"": ""word+char"", ""text"": ""clean_text"", ""weight"": ""balanced"", ""alpha"": 2, ""exp"": ""B4""}",0.4919,0.608,
2026-09-29 00:17,P1,tfidf_ridge,"{""features"": ""word+char"", ""text"": ""clean_text"", ""weight"": null, ""alpha"": 5, ""exp"": ""B4""}",0.4812,0.5725,
2026-09-29 00:17,P1,tfidf_ridge,"{""features"": ""word+char"", ""text"": ""clean_text"", ""weight"": ""balanced"", ""alpha"": 5, ""exp"": ""B4""}",0.4652,0.6092,
2026-09-29 00:17,P1,tfidf_ridge,"{""features"": ""word+char"", ""text"": ""clean_text"", ""weight"": null, ""alpha"": 10, ""exp"": ""B4""}",0.4604,0.5765,
2026-09-29 00:18,P1,tfidf_ridge,"{""features"": ""word+char"", ""text"": ""clean_text"", ""weight"": ""balanced"", ""alpha"": 10, ""exp"": ""B4""}",0.409,0.6173,
2026-09-29 00:19,P1,fasttext,"{""lr"": 0.1, ""epoch"": 10, ""wordNgrams"": 1, ""dim"": 50, ""exp"": ""F1""}",0.6189,0.5967,
2026-09-29 00:19,P1,fasttext,"{""lr"": 0.1, ""epoch"": 10, ""wordNgrams"": 1, ""dim"": 100, ""exp"": ""F1""}",0.6187,0.5964,
2026-09-29 00:19,P1,fasttext,"{""lr"": 0.1, ""epoch"": 10, ""wordNgrams"": 2, ""dim"": 50, ""exp"": ""F1""}",0.6214,0.5785,
2026-09-29 00:19,P1,fasttext,"{""lr"": 0.1, ""epoch"": 10, ""wordNgrams"": 2, ""dim"": 100, ""exp"": ""F1""}",0.6202,0.5782,
2026-09-29 00:19,P1,fasttext,"{""lr"": 0.1, ""epoch"": 25, ""wordNgrams"": 1, ""dim"": 50, ""exp"": ""F1""}",0.6082,0.6518,
2026-09-29 00:19,P1,fasttext,"{""lr"": 0.1, ""epoch"": 25, ""wordNgrams"": 1, ""dim"": 100, ""exp"": ""F1""}",0.6077,0.6515,
2026-09-29 00:19,P1,fasttext,"{""lr"": 0.1, ""epoch"": 25, ""wordNgrams"": 2, ""dim"": 50, ""exp"": ""F1""}",0.6367,0.6046,
2026-09-29 00:19,P1,fasttext,"{""lr"": 0.1, ""epoch"": 25, ""wordNgrams"": 2, ""dim"": 100, ""exp"": ""F1""}",0.6282,0.6043,
2026-09-29 00:19,P1,fasttext,"{""lr"": 0.5, ""epoch"": 10, ""wordNgrams"": 1, ""dim"": 50, ""exp"": ""F1""}",0.6102,0.6475,
2026-09-29 00:19,P1,fasttext,"{""lr"": 0.5, ""epoch"": 10, ""wordNgrams"": 1, ""dim"": 100, ""exp"": ""F1""}",0.6106,0.6474,
2026-09-29 00:19,P1,fasttext,"{""lr"": 0.5, ""epoch"": 10, ""wordNgrams"": 2, ""dim"": 50, ""exp"": ""F1""}",0.6313,0.6227,
2026-09-29 00:19,P1,fasttext,"{""lr"": 0.5, ""epoch"": 10, ""wordNgrams"": 2, ""dim"": 100, ""exp"": ""F1""}",0.6302,0.6229,
2026-09-29 00:19,P1,fasttext,"{""lr"": 0.5, ""epoch"": 25, ""wordNgrams"": 1, ""dim"": 50, ""exp"": ""F1""}",0.5789,0.7131,
2026-09-29 00:19,P1,fasttext,"{""lr"": 0.5, ""epoch"": 25, ""wordNgrams"": 1, ""dim"": 100, ""exp"": ""F1""}",0.58,0.7125,
2026-09-29 00:19,P1,fasttext,"{""lr"": 0.5, ""epoch"": 25, ""wordNgrams"": 2, ""dim"": 50, ""exp"": ""F1""}",0.6215,0.6317,
2026-09-29 00:19,P1,fasttext,"{""lr"": 0.5, ""epoch"": 25, ""wordNgrams"": 2, ""dim"": 100, ""exp"": ""F1""}",0.6241,0.6343,
2026-09-29 00:19,P1,fasttext,"{""lr"": 1.0, ""epoch"": 10, ""wordNgrams"": 1, ""dim"": 50, ""exp"": ""F1""}",0.6015,0.6626,
2026-09-29 00:19,P1,fasttext,"{""lr"": 1.0, ""epoch"": 10, ""wordNgrams"": 1, ""dim"": 100, ""exp"": ""F1""}",0.6041,0.6627,
2026-09-29 00:19,P1,fasttext,"{""lr"": 1.0, ""epoch"": 10, ""wordNgrams"": 2, ""dim"": 50, ""exp"": ""F1""}",0.6183,0.6431,
2026-09-29 00:19,P1,fasttext,"{""lr"": 1.0, ""epoch"": 10, ""wordNgrams"": 2, ""dim"": 100, ""exp"": ""F1""}",0.6143,0.6449,
2026-09-29 00:19,P1,fasttext,"{""lr"": 1.0, ""epoch"": 25, ""wordNgrams"": 1, ""dim"": 50, ""exp"": ""F1""}",0.5756,0.716,
2026-09-29 00:19,P1,fasttext,"{""lr"": 1.0, ""epoch"": 25, ""wordNgrams"": 1, ""dim"": 100, ""exp"": ""F1""}",0.575,0.7141,
2026-09-29 00:19,P1,fasttext,"{""lr"": 1.0, ""epoch"": 25, ""wordNgrams"": 2, ""dim"": 50, ""exp"": ""F1""}",0.6254,0.6441,
2026-09-29 00:19,P1,fasttext,"{""lr"": 1.0, ""epoch"": 25, ""wordNgrams"": 2, ""dim"": 100, ""exp"": ""F1""}",0.6201,0.6503,
