tweet_id,text,label,compound,vader_label
WJMTT92O,"because they're fucking stupid, not taking vaccines and believing every conspiracy theory out there. Ugh I'm mad now",1,-0.92,-1
63ZIK6WB,I'm gonna be so pissed if I get polio or the Black Death because some misinformed bimbo parents don't want Jimmy or Sally to be vaccinated,1,-0.9199,-1
A3EH83E1,"We have all but eradicated terrible diseases with the use of vaccines, yet people are still stupid enough to refuse them for their kids..",1,-0.9109,-1
35QOIV2M,"Tragic for sick kids. If you don't want to vaccinate, go live in the 3rd world. Low to nil child death rates in US=amnesia.",1,-0.9104,-1
RYPZKSHE,One of you antivaxxer bastard bitches is down here spreading measles. I hope they lock your dumb ass up,1,-0.9062,-1
NP8KX9EY,"Ppl Need 2 Immunize Their Kids. Do Research. Most Diseases WORSE THAN INOCULATION. STOP This Misguided Insanity, Shots!",1,-0.9008,-1
PPZC548D,parents have an illusion that vaccines are a problem. It is all a witch hunt. The lack of vaccination is already killing babies,1,-0.8979,-1
R4IDETDW,Hey irresponsible new media: stop getting the crazy anti- vaccs stay at home moms are jazzed up to spread lies. Kids need to be vaccinated!,1,-0.8977,-1
RX36692S,#hearthiswell #BigPharma #CDCwhistleblower our innocent babies were #VaccineInjured knowingly by u we will #NeverGiveUp #truth #justice,-1,0.7964,1
JHYQGFIV,"""Instead of focusing on a healthy diet to improve the immune system, just take our vaccines so we can make money off of you!"" - the CDC",-1,0.7959,1
JM53ZALQ,Don't feed the fear and feed yourself for super immunity! 🙏🍴🇮🇹,-1,0.7795,1
QJUU9SHN,"""  It's NOT Only a Coincidence! Click LIKE if  agree. #vaccines   advocate",-1,0.7206,1
ADN6E140,"Not vaccinating your kids &lt;&lt;

#FollowTheFacts 😊",-1,0.7184,1
UMOZQGD4,"Good! 
LA Times - Bill removing California vaccine exemptions approved by key Senate panel",-1,0.7177,1
3K32N7C4,".  R u comfortable saying all vaccines are SAFE, don't cause ANY serious side effects? This is not true &amp; U know it.#CDCwhistleblower",-1,0.7025,1
