tweet_id,y_true,p_negative,p_neutral,p_positive
GMRITAD0,-1,0.039845124,0.18041752,0.77973735
GSZI4N92,0,0.005946227,0.41726923,0.5767845
4RIRAA5G,1,0.007473424,0.9012951,0.091231465
2AP0NRJE,0,0.002474478,0.98852146,0.009004101
C3KL0CZI,0,0.4143911,0.121270336,0.46433857
DE568XKT,1,0.81819594,0.03486504,0.14693907
WYVXGLXC,1,0.0030400718,0.6947409,0.30221906
KR1MKHR7,-1,0.06737049,0.077450745,0.8551787
SCTLGGH9,1,0.031403482,0.52132004,0.44727647
KJH4WZCK,0,0.001759834,0.9655758,0.03266434
DHCGQG9X,0,0.015724283,0.8443994,0.13987632
KKP8DVLF,0,0.003547814,0.106754184,0.88969797
QJE207AX,0,0.003255383,0.98568326,0.011061301
BEPV94OW,0,0.033923354,0.7987831,0.16729347
0IGTHRRT,1,0.011792158,0.8417913,0.14641663
1L2FN6DG,-1,0.03810384,0.9481547,0.013741483
QYVSME2U,0,0.8079375,0.14985693,0.042205613
J0DVXKE6,1,0.47259402,0.029024014,0.4983819
Y3RY07F0,1,0.002712235,0.022763541,0.9745242
X973NC03,0,0.013235693,0.9830362,0.0037281201
R5L6LA5I,1,0.007699714,0.02479195,0.9675084
XVHW6NC7,1,0.003110285,0.03141409,0.96547556
G4GBIIBD,-1,0.9574097,0.022431223,0.020159176
VOTCLOF3,0,0.0049918126,0.33459818,0.66041
3GZABLLW,-1,0.4085157,0.36947826,0.2220061
55H58HIB,0,0.008453621,0.9809347,0.01061177
UCJT2YFL,1,0.0036821265,0.32228443,0.67403346
OBWXVRDT,0,0.005271051,0.15903687,0.8356921
LZY9MJA4,1,0.28456467,0.14248309,0.5729523
IV0OQAG5,1,0.9585002,0.012288708,0.029211083
XIAX4DXY,0,0.008708534,0.93806636,0.05322499
E98EPQFK,-1,0.010902546,0.67182326,0.3172742
HPFDO75X,0,0.25381857,0.28751668,0.45866477
MBZU8RC3,1,0.004048685,0.013854546,0.9820968
KVUREQ2C,0,0.003959334,0.9857269,0.010313737
37J5K18B,1,0.018457687,0.8423044,0.13923796
T8ZPA73T,0,0.0030412104,0.98621434,0.0107444385
M904GGC8,0,0.0022480506,0.9789139,0.018838089
SAKM4PXD,1,0.05298533,0.05541055,0.89160407
MLF0E2AV,1,0.016076531,0.6982051,0.28571832
ASADG2AK,0,0.0027788181,0.9892769,0.007944304
N9I59R4N,1,0.0022893986,0.21574965,0.78196096
K0MKUPWS,0,0.1909091,0.19030318,0.6187877
X5OC35FR,-1,0.9821447,0.009097146,0.008758127
O3JI640M,1,0.046502564,0.017138213,0.9363592
VJ0QZWQ5,0,0.0016972922,0.9320022,0.06630049
AGW7WAF4,1,0.0044022836,0.0984068,0.8971909
BVK9RMKC,1,0.032597587,0.87035567,0.09704679
WHK7VI7D,1,0.0031089734,0.49281567,0.5040754
HS873E7E,0,0.0066678734,0.98183066,0.011501489
X3RJU8RG,1,0.10217421,0.018354386,0.8794714
DH8JYA7W,0,0.03478614,0.93630755,0.028906181
QLXCRT2T,0,0.0022446995,0.9846902,0.013065151
Q5AD47HI,1,0.18541683,0.12363707,0.6909461
PI6TOX7X,1,0.0027295335,0.03144294,0.9658275
5ZQ05RLZ,1,0.97056526,0.019076828,0.010358013
G5Y35JOY,0,0.003304607,0.9904372,0.006258203
4AUJUYP8,-1,0.015555117,0.032335073,0.95210975
005FKX6S,-1,0.9867459,0.006201525,0.00705258
L4QFMYOK,1,0.016138012,0.20458698,0.779275
MV3JJJY5,1,0.0032917403,0.9275139,0.06919439
GBHYKFTG,0,0.0022312743,0.9856353,0.012133491
1OO47PGW,1,0.88173974,0.046057347,0.072202906
QF7VGASO,1,0.020026641,0.274341,0.7056324
SB9PAAQ1,0,0.010350991,0.9801687,0.009480376
S6KH138N,1,0.39339834,0.4548231,0.15177861
SCPG5AMD,1,0.04936678,0.06363681,0.8869964
VJSOG4TZ,0,0.9487754,0.03140531,0.019819364
SR2547IO,1,0.0024816317,0.036151152,0.96136725
ROCVXKHZ,-1,0.04799429,0.062447138,0.8895586
C48CX8OK,-1,0.8793361,0.0823417,0.03832215
ZZVTM2M0,1,0.0018155294,0.9039576,0.09422691
JJD503BK,0,0.0027182563,0.98348373,0.01379801
ZCIAST69,0,0.0072769164,0.0516494,0.94107366
X9LN82EY,1,0.37769815,0.14595859,0.4763432
EHP7IFHO,1,0.0036474732,0.038850293,0.95750225
P1BFQUQC,0,0.0022412653,0.95366806,0.044090614
U8D5PVML,0,0.00452013,0.97205025,0.023429632
SP6ILV3D,0,0.9474542,0.042784657,0.009761164
JJC1Y3IJ,1,0.018000105,0.047522116,0.9344778
MLYI6HOZ,0,0.003097141,0.98924375,0.007659184
KLW13KHN,0,0.0034286536,0.9906943,0.005876956
CH2R6PR2,0,0.002546117,0.91998476,0.0774691
3V7G1ZCY,0,0.06399707,0.9277227,0.008280274
ISRMAXCH,1,0.029304886,0.30411866,0.6665765
H5FMWXBC,0,0.24731334,0.031393174,0.7212935
ILX7U8AE,0,0.0032475146,0.9901759,0.0065766093
HQ386J85,1,0.6017219,0.097419284,0.30085883
KYTWK08U,0,0.0019052896,0.9472888,0.050805964
WNU60B2A,0,0.002938708,0.9705885,0.026472816
CPFZOKWC,0,0.0019482765,0.067060344,0.93099135
XWD2323R,-1,0.8089847,0.035545867,0.15546949
TDOF1ZK2,1,0.0023683505,0.118823916,0.8788077
N8419O3Z,1,0.02650893,0.04074731,0.9327438
IW9HM6JN,0,0.0042651817,0.90499735,0.09073743
44G1WIPG,1,0.0032807337,0.03516872,0.96155053
7T36YO61,1,0.12215983,0.05116711,0.826673
XKIS9IZM,1,0.03125851,0.14344443,0.82529706
RWRDUI2T,-1,0.5891078,0.04989833,0.36099386
0SAUAMVA,0,0.0022185573,0.89381564,0.10396583
MHKBY0OV,1,0.0021380382,0.056842335,0.9410196
JYIPZU75,1,0.9462602,0.026544029,0.027195744
CIYXKET3,0,0.8352945,0.057072192,0.107633255
47JG4EVY,1,0.0024456256,0.079249665,0.91830474
98KOOCMC,1,0.8413247,0.12086541,0.037809923
9SAVTAZC,1,0.002316195,0.97852,0.019163826
DDNZZCGG,1,0.22475465,0.05797518,0.7172702
47YI0QGF,1,0.002519664,0.11503524,0.8824451
H0ZQ952P,1,0.17792968,0.027013393,0.795057
Y0XVF4QO,1,0.0047082715,0.05274837,0.9425434
99OB3GZ3,0,0.0020187155,0.88878566,0.10919559
TYXXXG50,0,0.004202163,0.97147244,0.024325423
KUQKSSSR,1,0.97660863,0.011472526,0.011918849
AK3X6CBZ,0,0.003578345,0.987701,0.008720683
9A9M4NO4,1,0.9524084,0.034485262,0.013106391
CAD2Y40G,1,0.005817036,0.17934047,0.8148425
S4BCDJ5U,0,0.0019087192,0.9750277,0.02306353
S4VYY2B0,0,0.00950115,0.9040255,0.08647333
EAMOKKL3,1,0.0068168375,0.44694835,0.5462347
8DX51X8B,0,0.0023734411,0.970738,0.026888542
FU8VWV36,0,0.008517858,0.98503864,0.00644356
WNN1PFZR,1,0.05022001,0.16728485,0.78249514
83IXUO36,0,0.6344386,0.036410067,0.32915142
WINTTIOW,0,0.0020702484,0.97986585,0.018063981
XVNLDSPO,1,0.013606648,0.97106105,0.015332391
XU0XQHCO,-1,0.010118623,0.016646395,0.97323495
HTRF1KF4,0,0.0034644909,0.14071602,0.85581946
CIVDFF1L,1,0.060990494,0.19435664,0.7446528
NITP69Z0,-1,0.8872575,0.061194714,0.051547755
ZUWYGZL0,0,0.078895696,0.7364204,0.1846839
1Y2ENLL6,-1,0.91296893,0.06340507,0.02362601
5BWOJ7QG,0,0.0026990299,0.96782255,0.029478401
J7PL16F8,0,0.026453575,0.96879435,0.004752014
DKZ24EER,0,0.0070564165,0.96551704,0.027426472
MKETTIUY,0,0.007588725,0.9828158,0.009595436
EYI5C0PQ,-1,0.9831009,0.007944218,0.00895494
M0EZ8BFZ,1,0.15912902,0.0444101,0.79646087
M42RRC3Y,0,0.001753681,0.9775014,0.020744871
1JNX1LIJ,1,0.008877486,0.026745021,0.9643775
2CDLGZYN,1,0.004301486,0.29201722,0.70368123
YE0L67RI,0,0.065845154,0.89768684,0.03646799
ZNCFI833,1,0.022371756,0.024931638,0.9526966
3DZLTZL1,0,0.0052803494,0.9895578,0.0051618884
ACLY3M18,-1,0.006610803,0.5584958,0.43489343
UFVOSS5N,0,0.0019152542,0.97370255,0.024382211
VFETLVN5,0,0.0020010967,0.9360916,0.06190739
WXPZ7H3T,1,0.002292014,0.025239797,0.9724682
CSBZKEAS,1,0.32516685,0.6388997,0.03593348
EMHEMUD9,0,0.3250944,0.13760997,0.53729564
DAF18PGY,1,0.29225814,0.0508678,0.6568741
OVPCV1YS,0,0.04695368,0.08881797,0.8642283
BCE8E4A9,0,0.0030527452,0.9791039,0.01784331
PJAP6Y3N,1,0.0034768707,0.7072566,0.28926656
XSPH8DS6,0,0.0020132656,0.97879386,0.019192856
X32XGDF0,0,0.0024290567,0.98126996,0.01630108
UPA8QC3M,-1,0.025059028,0.9335196,0.041421402
7BTXS6MP,-1,0.7986009,0.09920751,0.102191515
8TLK42RE,-1,0.93869907,0.030831901,0.030469067
Z8DOGGKJ,1,0.44444385,0.04593133,0.50962484
9IRL6EKB,0,0.67798984,0.02137369,0.30063647
TXP07VTD,1,0.051432543,0.050478518,0.89808893
KNVJG9QX,1,0.05427147,0.067727186,0.8780014
1GCFIIGL,1,0.2380934,0.04224115,0.7196654
X9X8UZSD,0,0.0036086394,0.13198766,0.8644038
45W4QN7O,1,0.004198929,0.1828264,0.8129747
W64OZSE4,0,0.0023043752,0.979078,0.018617623
8961QAZ8,0,0.0017410646,0.9475511,0.050707784
UFQTUBZA,1,0.0031187427,0.973557,0.023324324
683WCT0I,1,0.0046525663,0.1834177,0.81192976
CXBDOQR1,-1,0.2381252,0.38218927,0.3796855
A56FLQ35,0,0.0023379372,0.9855606,0.012101533
RFMVGK0I,1,0.0022167591,0.18962227,0.808161
PUG5NUIH,0,0.002067043,0.979932,0.018000942
42GBO6DX,0,0.0034029856,0.9904241,0.0061729685
SURTANBM,1,0.015029794,0.25128192,0.73368835
PBSFGKBG,0,0.004185819,0.9836316,0.012182498
3EY12B3X,1,0.43204737,0.051588822,0.51636374
V133BGPY,-1,0.004045935,0.029037796,0.9669163
BESZHCRN,1,0.012096177,0.02137443,0.96652937
NU6AD79F,0,0.01609625,0.45105568,0.53284806
8OF0FHKG,1,0.021080429,0.072615154,0.9063044
UT2GOS22,-1,0.004624327,0.100268856,0.8951068
IH67ZB0P,-1,0.82187146,0.018069895,0.16005865
NZDN0PSW,0,0.003351603,0.99030125,0.0063471696
O4UB20DL,0,0.002493014,0.7474943,0.25001273
V3H31TSP,1,0.0024500112,0.9636032,0.033946864
XS6GL39P,1,0.3449171,0.40252885,0.25255412
TPX2BVFN,0,0.0032253484,0.98666114,0.010113435
1Q3JRCVK,0,0.0073235584,0.985696,0.006980408
RTCA8PJS,1,0.7863523,0.048384853,0.16526295
S907483O,0,0.002039561,0.97937316,0.01858732
8T892Q3A,1,0.0029972114,0.015030657,0.98197216
9HC4JKCH,0,0.08101376,0.9031961,0.015790116
AR28AUOF,0,0.002358465,0.27460784,0.72303367
Z6EFX5OL,1,0.71496934,0.08245665,0.202574
OM26E6DG,0,0.71399707,0.20262994,0.08337303
UEZKC0O3,1,0.0047765584,0.36547372,0.6297498
HY79NXW3,1,0.12250731,0.02386937,0.8536234
XQOWF43N,0,0.0019020493,0.9147128,0.083385125
6X1OVNOO,0,0.006169934,0.9725609,0.021269217
Q9W6YKCH,1,0.012170375,0.025509724,0.9623199
FD8RQ5WD,0,0.0019805322,0.9717566,0.026262887
YN1JHJR7,1,0.019330733,0.02928572,0.9513836
XJUNIZDY,0,0.004582598,0.98840034,0.007017024
6FN2DYI7,1,0.020267073,0.02625974,0.95347327
H1DM0G2G,0,0.0021274874,0.89870685,0.09916567
OCTTKGZT,0,0.0042854254,0.99015266,0.005561978
J86I8U4D,0,0.0031169825,0.71032405,0.286559
OAOAJ9MO,1,0.009414198,0.018834064,0.97175175
2OCNSYQ0,1,0.7613882,0.01923302,0.21937883
J39KOUBW,0,0.0052160304,0.96929336,0.02549059
W039DBR9,0,0.0029693332,0.98973864,0.0072919545
UPNOI1B8,0,0.0018766037,0.9704828,0.027640523
9VVMM1A2,0,0.0030823871,0.9069175,0.09000001
4F9ZQMF8,1,0.38607398,0.13326135,0.48066467
A4UI57JB,1,0.22171026,0.07193596,0.7063538
OR5UEQCX,1,0.0039787353,0.8608761,0.13514514
1O8JRVT8,1,0.005381643,0.31149536,0.68312305
M4CYM5AV,0,0.021953443,0.9623476,0.015699005
WW8CW7YF,1,0.69145626,0.15321821,0.1553256
51HDUW7X,1,0.0028963971,0.72077644,0.27632713
CR3J67TD,0,0.005455011,0.9899648,0.004580227
NUVKPDV7,1,0.6194791,0.24420144,0.13631947
Z4N6OHCR,0,0.0022945546,0.97601795,0.021687534
H9CH4U03,1,0.63886464,0.04956412,0.31157127
7S3TJN49,-1,0.86249375,0.08221646,0.055289753
U6Y2PY00,0,0.002863447,0.9771434,0.019993166
7N348DJF,0,0.57834846,0.06287228,0.3587792
01WVQ80N,0,0.009497951,0.9137113,0.076790735
E2O0911G,0,0.0034462698,0.98560286,0.010950819
RJ5ZGJOP,0,0.0054608444,0.6871253,0.30741388
KEMBC54J,0,0.0035975152,0.99097025,0.0054322723
5R4MLMAP,0,0.003696865,0.99065804,0.0056450353
OCPTHZMF,1,0.011449648,0.029929146,0.95862114
PY2VU6K3,0,0.030785492,0.7609839,0.2082306
OM0IM35Z,-1,0.3194028,0.6079702,0.072627
RUJUGL8C,0,0.004321715,0.050602023,0.9450762
U2LAU5L5,0,0.0017123487,0.96619594,0.03209171
D63ESN6Z,1,0.005044438,0.13175097,0.86320454
OEFJ0JEJ,0,0.0034088097,0.9903363,0.006254866
UBSDL89G,1,0.002282452,0.031247023,0.9664705
ZK3S5U50,1,0.70579976,0.10816604,0.18603417
ADRIXQBB,0,0.8118343,0.067706585,0.12045913
5F7VKMK9,0,0.005375772,0.8708548,0.12376938
W48Z91DF,0,0.0020502638,0.9614898,0.0364599
88TSOYG0,0,0.010692203,0.3051079,0.68419987
CTF1MJWV,1,0.003417595,0.90308964,0.09349282
41A0C3ZT,0,0.91190434,0.028511703,0.059584018
F40SYM3P,0,0.0069106766,0.39255846,0.6005308
PQQFNX6D,0,0.0024698684,0.9849858,0.012544222
R0OURA1A,1,0.0036540248,0.08972696,0.9066191
CJPNXU1U,1,0.018174885,0.057041362,0.92478377
S1LRHP1O,0,0.0045069917,0.99037254,0.005120497
O8B914DK,1,0.87907964,0.023221062,0.09769922
TDATG11W,0,0.11766867,0.31709754,0.5652338
IGHN78FT,-1,0.6547675,0.03432911,0.31090334
KKAW7R3S,-1,0.82909906,0.062829584,0.10807134
3A2USUJD,0,0.45292062,0.35312805,0.19395134
PYPLTUAX,1,0.010421384,0.015524286,0.9740543
I81EUHIP,1,0.30463886,0.10421922,0.5911419
PSEE38XV,0,0.0018483639,0.9761815,0.02197007
V81F98D3,0,0.020767346,0.27060336,0.70862925
UQ0MISG8,1,0.07015896,0.18625565,0.7435854
S28ED3YP,0,0.09494283,0.062592864,0.84246427
IDH0NNLN,1,0.020742934,0.02231956,0.9569375
ZK5WAHU9,0,0.010116003,0.97611415,0.013769814
YGRDQ4LJ,0,0.003219139,0.9873439,0.009436974
64FTIZVN,0,0.005353974,0.90028924,0.0943567
ADN2LJ0X,1,0.0034209269,0.40102896,0.5955501
7PH7BTKI,-1,0.7498991,0.0313065,0.21879442
FBFL512L,-1,0.023653876,0.340915,0.6354311
XOVJHA3R,0,0.0037727393,0.98238546,0.013841844
P435P6BD,0,0.002516755,0.9839198,0.013563461
SZ3ZROCT,1,0.14020248,0.15492478,0.7048727
4I7CQTMQ,0,0.0025374608,0.5584515,0.439011
ACKJ9GO7,-1,0.98862493,0.008197004,0.0031780554
RZINES6F,-1,0.95057803,0.042079076,0.0073429267
OODBDY61,1,0.002211984,0.95310926,0.044678785
60NDGOPA,1,0.63906693,0.033128515,0.32780454
CEO5VSC5,-1,0.8023611,0.050920554,0.14671832
6RJB47ST,1,0.65226656,0.14025754,0.20747589
3Y5YOWLW,0,0.93729997,0.05470226,0.007997766
ALFT8211,0,0.003065314,0.97779685,0.019137815
I32Z82IG,0,0.0035660085,0.98933405,0.007099925
IC2G1UNS,1,0.002045745,0.06133135,0.93662286
C1BQSBKZ,0,0.74924237,0.021135412,0.22962222
MX2N2ODK,0,0.0029193342,0.97557247,0.02150823
9XOJ5JFS,0,0.00916628,0.6453024,0.3455313
FQZQQPQR,1,0.0067018108,0.20806181,0.78523636
89P2DKCA,0,0.0022330047,0.90193725,0.09582982
1UQBJ4OO,-1,0.037314244,0.15638281,0.8063029
LLKMUPZ9,0,0.009126583,0.9827388,0.008134625
SUQIY505,1,0.19071662,0.19866088,0.61062247
NF14HMXK,1,0.005781005,0.62347955,0.37073946
GHHUTE2N,0,0.010375088,0.76167834,0.2279466
016KGCQ8,0,0.0027476016,0.9256501,0.07160223
6P9XNJCZ,1,0.013404627,0.020302093,0.9662932
0N4UIEW4,0,0.0022507228,0.84030706,0.15744226
TV8P8KT5,1,0.0039832667,0.31219074,0.68382597
K691UKJ1,-1,0.96862763,0.026432715,0.0049397172
CP8X0J4W,1,0.51070803,0.2298159,0.25947604
B3LO6CSI,1,0.011629143,0.016141094,0.9722297
8WYX4AFX,0,0.004473159,0.9899985,0.0055282465
AILPZS7I,0,0.0029819224,0.9798257,0.017192464
28UTILMU,1,0.013063801,0.04595797,0.9409782
EOFYFVVC,1,0.021020068,0.036795568,0.9421844
V30YDZ65,0,0.010496644,0.2132755,0.7762279
E46UGC0Z,0,0.063304834,0.1948191,0.74187607
Y4S0VX2W,0,0.005569244,0.9839881,0.010442666
0EBEON47,0,0.007564013,0.9106208,0.08181517
HJFP01NK,0,0.0037737314,0.7277781,0.2684482
MWLHW2WB,-1,0.0030667935,0.9367033,0.060229905
2PIFBRXW,1,0.004243068,0.08893563,0.90682125
IR1FL5T2,0,0.0017556767,0.97278285,0.025461504
3WHZTXFP,0,0.0024816566,0.9548757,0.04264268
YOBLOIB7,0,0.9534019,0.014732635,0.031865355
VR95811W,1,0.0034589348,0.022221575,0.97431946
BBMJC9HS,0,0.0020625365,0.98321205,0.014725462
MAK28I6J,1,0.0026289797,0.8032474,0.19412372
WD4MK06I,1,0.24119373,0.08895336,0.6698529
8OCYLR4F,1,0.012539269,0.08253644,0.9049243
2N8BW32H,1,0.19205765,0.10644595,0.7014964
OSQEGJHC,0,0.0024474778,0.8815884,0.115964085
F9185YMK,1,0.16137955,0.026667625,0.8119528
3DQ1VBHV,0,0.0027954972,0.97835207,0.018852497
6QZPPNYQ,1,0.85599864,0.048743907,0.09525747
BZBH8FDG,1,0.43541524,0.044935904,0.5196489
PNGIMCDV,1,0.001900507,0.9546626,0.043436885
GWUOU01D,0,0.21310763,0.09055744,0.69633496
PWX203O1,1,0.00793875,0.055261288,0.93679994
8TZCWOBN,-1,0.28184962,0.08043179,0.63771856
6THUXHQA,0,0.0019968092,0.98059034,0.017412893
TGI3SGVO,0,0.0030466688,0.985307,0.011646459
M2VPBP7R,-1,0.83524317,0.08764082,0.07711598
9T3BT4PP,0,0.0023228137,0.9535215,0.044155765
XQR9Y8QS,0,0.00509871,0.99113303,0.0037681803
3WUHQ770,0,0.95286673,0.04408624,0.0030470847
24A3CSKZ,0,0.0050754375,0.99053115,0.0043933657
WXC0EM79,-1,0.95050263,0.04238756,0.007109796
2F98OFNG,1,0.08579009,0.23500581,0.6792041
GMP7SBSA,1,0.043377332,0.024384681,0.9322379
924VBFSA,-1,0.9668878,0.02377165,0.009340654
3N49SV67,0,0.002084386,0.7769034,0.22101225
2SQMPYEB,1,0.0034113356,0.97481585,0.0217728
P80FMANE,1,0.2825525,0.44881788,0.2686296
SAO6IGOR,0,0.0025967057,0.98791957,0.00948371
RVBIOPK5,1,0.07621707,0.036851376,0.88693154
GLR6IYR1,0,0.020745367,0.80291986,0.17633477
2FYQHWD3,0,0.0034197369,0.99044764,0.006132613
UK1U523M,0,0.009794983,0.17430086,0.8159042
1IA7RSSI,-1,0.13484308,0.56338966,0.30176726
WJBE3IYL,0,0.0018712413,0.96673054,0.031398248
ODTKO001,1,0.0020838405,0.8502723,0.14764379
C9TSI9HK,0,0.019289466,0.23820883,0.7425017
IK8FFY0V,0,0.0031107767,0.98422194,0.012667373
KHA6LZ6C,0,0.0054979688,0.9833678,0.011134279
J6Q5PZVV,1,0.60918766,0.08207006,0.30874234
XOJ6A94A,1,0.005856613,0.055154376,0.93898904
GFJ4BMRI,1,0.17481394,0.02313259,0.80205345
HYKES0CW,0,0.0037315653,0.9868852,0.009383145
UXFKG4BN,1,0.009238255,0.018061314,0.97270036
P4W5D0YY,0,0.0040929685,0.9906123,0.0052946364
VHY3NUZK,0,0.9802814,0.014981314,0.004737321
DKSVY0WJ,1,0.05557061,0.9075727,0.036856752
BR2XP6S4,1,0.012414409,0.056253042,0.9313325
A8PJQ3NS,1,0.0039751716,0.98907965,0.006945187
1258AMHH,1,0.20360608,0.023708478,0.7726854
NSSJBULZ,-1,0.9543757,0.014684983,0.030939275
Y34AT0VW,1,0.07983036,0.671809,0.24836056
RRC11O75,-1,0.699777,0.19447915,0.10574379
XR5Q9291,1,0.0035408528,0.22211191,0.7743473
RE93M6WV,1,0.16943038,0.23257059,0.59799904
WKAEL9SG,1,0.029565748,0.11057992,0.85985434
LSTUTWI6,1,0.008090372,0.028314078,0.96359557
2HOYSY0P,0,0.5775616,0.33220178,0.090236545
4354UU3O,0,0.0038662734,0.98893666,0.007197076
34P1UVEN,0,0.004290351,0.98916656,0.0065431683
4FIENE7L,1,0.0045510614,0.87383634,0.12161258
1TWXE28D,1,0.024091728,0.060530394,0.91537786
NWYJJ7LO,0,0.086654484,0.17365168,0.7396938
X8HR64VU,0,0.00319946,0.68725824,0.30954233
O9TTQI1N,0,0.0051377323,0.9845917,0.010270532
37FHPXFS,1,0.004814317,0.08236524,0.91282046
BOL3Q5TN,1,0.016798494,0.2750112,0.7081903
TWM5DY65,0,0.032919712,0.30427125,0.662809
DIHD705Q,0,0.008031007,0.9847512,0.007217849
UOB14ELT,1,0.015012435,0.05725105,0.92773646
IB9AF4B7,0,0.0024989932,0.98774916,0.009751844
8M1VK254,1,0.0033771952,0.8427841,0.15383862
J6LZOXBF,0,0.005910084,0.98128337,0.012806558
37QRVTCX,0,0.0023165448,0.9863703,0.011313171
4SAJAII0,0,0.00472716,0.9825829,0.012689982
CUCK7YIS,-1,0.8804524,0.0123758195,0.10717179
4NXCHST8,1,0.0033188288,0.9374741,0.05920714
KZNC5EAU,1,0.002553033,0.1495944,0.8478525
B9XUAX0F,1,0.55582803,0.04898994,0.39518204
5QXZAR1S,1,0.0044893124,0.16391069,0.8316
XRR2BZC0,0,0.0035581123,0.9905562,0.0058857473
6LANCD10,0,0.02381199,0.026582606,0.9496054
HYDLOGP5,0,0.003357354,0.94286925,0.053773392
1DSPJQAP,0,0.0122214705,0.95401335,0.03376512
B8MCC5JX,1,0.51027155,0.053617157,0.4361113
V8K3C408,1,0.0037673933,0.08685102,0.9093816
LG8Q7LDO,1,0.00860681,0.021972496,0.96942073
Q4LJVMA8,0,0.001894655,0.9704409,0.027664376
WJRJEZJI,1,0.002191799,0.9569825,0.040825713
T06ALLF0,1,0.0042797453,0.33876404,0.6569562
6ICNWCYT,1,0.9711232,0.013576047,0.015300664
2QAOYO2I,0,0.007687135,0.9690644,0.023248464
I3YV0L5X,1,0.842039,0.0109399585,0.14702107
YL1Z5HTW,1,0.0042332015,0.06786796,0.9278988
8JLCP7O5,1,0.0062590633,0.020890558,0.97285044
GKLV3UKH,1,0.014128438,0.025299426,0.9605721
S8ZZVOJY,0,0.0029127398,0.7999161,0.19717124
7P4OD6TP,0,0.07674755,0.779395,0.14385746
8A83J3DJ,-1,0.44324464,0.4664689,0.09028652
ACB2XSC0,1,0.83867866,0.13521536,0.026105981
25X23TT5,0,0.0024011245,0.9346227,0.062976204
BTAJ2WXZ,0,0.0024979,0.9787821,0.01872005
DFCVSR78,0,0.0021989164,0.9836231,0.01417797
GIL37DFM,0,0.0058564525,0.98854136,0.0056021856
WN366XKZ,0,0.004909735,0.26528567,0.72980464
4UG3NAO9,0,0.0029042647,0.59963536,0.39746037
L1N4PJXV,1,0.002451188,0.101960585,0.8955883
G3F0D3O7,0,0.0021069509,0.8582184,0.13967471
2CL09QXQ,1,0.010829587,0.9640273,0.025143083
28V7DAYA,1,0.026924241,0.16148081,0.81159496
2LRJARHD,1,0.0035416426,0.030021878,0.9664365
KBOJUMFH,0,0.002905666,0.9894879,0.0076065348
Y3BGWVIL,1,0.0060651484,0.38171348,0.61222136
JGBDXWQ9,1,0.08880459,0.22386931,0.6873261
V4OQMQZ7,0,0.002844287,0.9338742,0.063281536
B41RIHPE,1,0.36123663,0.15558326,0.48318014
KTEJ5D7O,0,0.24612284,0.7050021,0.048875045
829547HZ,1,0.0037090015,0.038868614,0.95742244
XQOQ1HYU,1,0.2303623,0.23186803,0.53776973
DUU4ZLWO,0,0.3850966,0.5944065,0.020496866
RK2U3N1W,0,0.003377053,0.98839694,0.008226063
IP1BQHUT,1,0.0032480266,0.03430895,0.962443
AL0BMZDU,0,0.0069654193,0.75648874,0.23654585
Y2WUSKVI,0,0.009978649,0.93217343,0.057847954
IWSG02SR,0,0.003652127,0.9905585,0.0057893875
GKNTK5K4,0,0.002916766,0.98378086,0.01330233
VA8FGU9M,1,0.9291049,0.04902053,0.021874472
S1DKKNDO,0,0.0022553138,0.9870069,0.010737779
ILVZCP3O,0,0.4991402,0.07654625,0.42431363
PG41G8V5,0,0.0035014823,0.9808442,0.015654327
FZ0ZYLVD,1,0.0151110105,0.030850545,0.95403844
R5Q9SGB2,-1,0.5189356,0.40816933,0.07289499
RQIVPZJ2,0,0.006264483,0.7936688,0.20006673
6V2BD68T,0,0.0046291426,0.85706764,0.13830322
QNYGHP38,0,0.0092182215,0.98731613,0.0034657079
97C6R84Q,0,0.0028789367,0.98641217,0.010708898
7BBMQ921,1,0.0046017854,0.49536526,0.50003296
K2RW3LHJ,1,0.0029923453,0.053044967,0.94396275
FM2TPJR1,-1,0.002503855,0.057604827,0.93989134
4XJ45VKT,0,0.0020950278,0.7324916,0.26541334
26J3UNYV,0,0.005278666,0.92794067,0.06678067
UPWAE5FV,0,0.94492066,0.027868854,0.02721041
EUS0VGUF,0,0.010228529,0.052587215,0.9371843
BNHCNP1T,0,0.0019031959,0.9522167,0.045880113
KFGOBZ4B,0,0.0021505626,0.9733531,0.02449636
J1WDW0U1,1,0.033450257,0.025505299,0.9410445
ASAJF7TK,0,0.0068239844,0.9050369,0.08813909
3PSZGMMG,1,0.012634645,0.17242932,0.81493604
TGWSFP4G,0,0.0020604332,0.9738652,0.024074402
4MOB7009,1,0.006049275,0.019160379,0.97479033
TI8UO4YU,1,0.59858966,0.023393806,0.3780165
VGG47D5J,1,0.0031786843,0.37670338,0.6201179
BNGTZ9MB,0,0.002219297,0.98319167,0.014589053
HYUQ0YS7,1,0.8474804,0.020620756,0.13189885
GOIFCJ8V,0,0.004843733,0.9860887,0.009067669
EW0BFWUV,-1,0.90140903,0.026958454,0.07163256
X9C8M495,-1,0.031161191,0.37611717,0.59272164
SB2HQKVH,1,0.005422464,0.51688474,0.4776928
WGEEXUFA,1,0.4024952,0.5642919,0.03321287
24V6P434,1,0.5585404,0.030785328,0.41067427
H4NHIJQW,0,0.0022628233,0.97960633,0.018130833
3JMMEG5O,0,0.0039780946,0.990008,0.006013911
071DYIT4,-1,0.06205537,0.87606883,0.061875813
T4QSIF3J,1,0.6746443,0.052298315,0.27305737
JWT86LB2,0,0.89024156,0.08266147,0.02709699
FH61CRPO,0,0.007713887,0.9855989,0.0066872276
4IIKQDEI,1,0.0040133176,0.08030561,0.91568106
EIJHSE4S,0,0.007836508,0.97670585,0.015457687
GS9KETH2,-1,0.89586073,0.027622439,0.07651689
CR4VCU12,0,0.05103913,0.71089226,0.23806873
NVIB8W6P,0,0.01587312,0.93341434,0.050712533
8IK3N1P4,0,0.0033935092,0.9903617,0.0062447563
7Q010JAK,1,0.0041707186,0.119980454,0.87584877
BIJ6J95S,0,0.0027292236,0.98289776,0.014372969
0KZIJXB3,0,0.004070468,0.9894521,0.0064773057
XEJ4XE99,0,0.002229772,0.72849685,0.26927337
YVEVBQEM,0,0.0018139151,0.8834691,0.114717
WB1WLDHL,1,0.8569526,0.100887686,0.042159628
H3YK3OYI,0,0.0020416516,0.83021814,0.16774021
VL1CNJ0L,0,0.020238057,0.9460534,0.0337085
94YII52M,0,0.0022750979,0.98517805,0.012546886
7LXNDH2T,1,0.2559838,0.11250684,0.63150936
8DFBRBZ1,0,0.0022259424,0.9841665,0.013607581
3331KKTK,1,0.0040108077,0.891734,0.104255155
PQDGNG94,1,0.058299035,0.04998282,0.8917181
Y436SC3J,0,0.005103535,0.89089227,0.10400419
Q6SME61M,0,0.41061765,0.0421943,0.54718804
8EWZTFZJ,0,0.43169487,0.15703349,0.41127175
QLJUZBJ0,0,0.74031603,0.1748376,0.08484637
9TPVUVKY,0,0.0026443405,0.9853499,0.012005758
GJ15HKXD,0,0.9695175,0.012222204,0.018260248
B697KFWI,1,0.002173001,0.8379412,0.15988578
7184O2F4,1,0.19348697,0.09983135,0.70668167
NEDTS49F,0,0.0171953,0.9220005,0.06080425
E6R3E40X,1,0.0038319125,0.8282546,0.16791351
24PG35M6,0,0.020053048,0.96548826,0.014458669
8LUBKMCS,0,0.16250838,0.73173803,0.10575356
0W8NBHZQ,1,0.5210103,0.1152358,0.36375394
N6OIHOQK,1,0.020137355,0.4149557,0.56490695
VQSRM7A8,1,0.005403162,0.103868805,0.89072806
JOU1L352,1,0.0055658026,0.11255452,0.8818797
9MVLSOM1,1,0.7091732,0.10650211,0.18432467
M4GEDINN,0,0.40335062,0.48156285,0.11508652
6HJ2O0XE,1,0.0031810792,0.028678786,0.9681401
AUN6QTW3,0,0.006119347,0.9367415,0.05713916
DLS0WVLV,0,0.0030425512,0.97842216,0.01853521
SZ2MCTKT,-1,0.038601287,0.6387017,0.32269704
V9D94IGN,0,0.009268279,0.89780885,0.0929229
5SKJDH44,1,0.09934698,0.36356512,0.53708786
UHISBYFW,0,0.7103806,0.2331477,0.05647174
SFBVDKRB,0,0.002461957,0.96356577,0.033972334
TORA1LR9,1,0.0052286573,0.08265642,0.9121149
7MDSTQWS,1,0.07745091,0.07223722,0.8503119
YF4FTUOL,0,0.0026662075,0.9792985,0.018035268
Z8R6YX1G,1,0.02635276,0.10897283,0.86467445
8TXYRM58,1,0.10782012,0.033580024,0.85859984
D2303W2I,0,0.0074375076,0.06629883,0.9262637
6RF49BXV,0,0.018030444,0.97846484,0.0035047606
KE8QM4BF,0,0.0023685577,0.9511685,0.04646288
VKLIL62M,-1,0.9557662,0.015249201,0.028984563
1DQVUN6I,0,0.81008554,0.03548811,0.15442635
GA2BE0RI,0,0.006594434,0.98290056,0.010505069
0R0F4U06,1,0.004101082,0.88888246,0.10701637
ZOVC6YE8,0,0.17529766,0.5712686,0.2534337
V3NK93SW,-1,0.9721103,0.01768542,0.010204343
ZX2XDH31,0,0.0034348457,0.99045897,0.0061061736
ELKJCHAK,1,0.09507843,0.031889826,0.8730317
Z9RDZQMG,1,0.7166872,0.04206859,0.24124424
7ZSTGZJA,1,0.0333068,0.4043655,0.5623276
61OAIAOX,1,0.7713457,0.08618411,0.14247023
4P3HC0JK,0,0.06538873,0.92172915,0.012882146
5NY5UVX9,0,0.0027879647,0.43630275,0.5609093
WZN51X1O,0,0.002675604,0.52033347,0.4769909
TEBWC9QE,0,0.0022539261,0.97837675,0.01936931
5VG5K96I,1,0.0566693,0.055397246,0.88793343
TWUXJDXV,1,0.0036258488,0.26387942,0.7324947
FVZYVG78,0,0.0037484511,0.43347818,0.56277335
WY3NGGZI,1,0.0031854892,0.03272589,0.96408856
4SQ923GR,1,0.4382434,0.54262614,0.019130532
QT1PAWK9,1,0.7634215,0.016872346,0.21970625
J77ENIIE,0,0.002720715,0.9721667,0.025112549
NYCXDJWR,1,0.24185719,0.05136361,0.7067792
GKS7BRGH,1,0.35187623,0.10315124,0.54497254
T3KJP8E1,-1,0.47694942,0.036286753,0.48676386
58ZMK3F6,0,0.09585487,0.047145434,0.8569997
8EMPMXI9,-1,0.24883874,0.045498606,0.7056626
DA6FV8JJ,0,0.80266756,0.031022962,0.16630952
HLC6AGDR,1,0.014394189,0.023091407,0.96251446
7S6F6COR,1,0.15871042,0.033359427,0.8079302
EHZ9ZXHM,0,0.024390753,0.15500784,0.8206014
TVMT8YLL,1,0.13828593,0.017721929,0.8439921
C1OG2TDS,1,0.6664253,0.11611908,0.21745571
AJZHJVS9,0,0.0019111228,0.9708964,0.027192483
LENUYCR7,1,0.50902873,0.29156205,0.19940919
PXIAUJAL,0,0.008099631,0.97224,0.019660354
M9CHS0NR,0,0.0047132857,0.990877,0.0044097723
II9MYEMQ,1,0.0035314015,0.19186863,0.80459994
2AL5JUM6,1,0.026869683,0.94028807,0.032842264
3WGRINGD,0,0.0036286924,0.98982936,0.006541951
9XN4C7G1,0,0.0022546777,0.9798232,0.017922133
4S2NEXMQ,1,0.0324973,0.22333683,0.74416584
7MZ0NXYT,1,0.3132306,0.09956294,0.58720654
9A1FNP85,0,0.003220255,0.98951614,0.0072635757
UK1U91GK,0,0.0018946445,0.9628096,0.035295762
V3R6OFEK,-1,0.8826956,0.08647722,0.030827045
2GX3B4OI,-1,0.5073768,0.04905777,0.4435655
1DDIC02P,0,0.0026106099,0.07105029,0.9263391
E8XWIK6X,1,0.92644453,0.016906912,0.05664846
706BR5G5,1,0.0060412735,0.022012532,0.9719462
3BYSVISE,1,0.0041185515,0.7160428,0.27983862
VAF1A5OO,0,0.0030305905,0.9894819,0.00748743
RP1GEW4X,0,0.011265551,0.9860642,0.0026702494
IWZNM66O,0,0.018473934,0.27517352,0.7063526
QQK9NQ8A,0,0.009711943,0.17244916,0.8178389
HDKR9U3N,1,0.20135592,0.19622561,0.60241854
5B8M8HTE,0,0.004802774,0.99068564,0.00451167
3DQ0XA8P,0,0.0044425777,0.98922336,0.006334115
QR4EJKHO,0,0.0025077583,0.98471814,0.01277408
88PM12GK,0,0.006107502,0.98951644,0.004376078
CCW2XUMM,1,0.06966381,0.041924417,0.88841176
CF02I6JP,1,0.0027499811,0.092846155,0.90440387
RN0RRKUB,0,0.3779523,0.20494269,0.417105
C6IWVY5I,1,0.29433215,0.3110716,0.39459616
1N935YQK,1,0.025887903,0.030710947,0.94340116
IIFGERHN,0,0.002864677,0.98118573,0.015949609
NEX48ZBO,1,0.27758172,0.3581901,0.36422813
THDDVBOF,1,0.005460019,0.04695479,0.9475852
JGSFIGCM,0,0.001898462,0.96507525,0.0330262
AEHUTO40,1,0.33423924,0.11471907,0.5510417
WCD2AMS3,1,0.6837533,0.056754973,0.2594917
S16YUUX4,-1,0.004511646,0.93416286,0.061325405
D6O51OX9,0,0.007006218,0.5386408,0.45435303
UC7XDOIR,1,0.07227318,0.33872434,0.58900243
I2DLGDYC,0,0.011997156,0.5728211,0.4151818
BKX19X0G,1,0.010846884,0.09133759,0.89781547
C2TLBVWS,-1,0.7532836,0.13405924,0.11265716
28VY8JRG,1,0.015713995,0.70330876,0.28097728
CUKP4LJH,1,0.00348749,0.017578177,0.97893435
C43T6GNI,0,0.0027215825,0.9245147,0.072763786
UPWQL9NN,1,0.0078119687,0.9800363,0.012151828
523D4S4U,0,0.00753287,0.11234197,0.8801251
BDNW95LS,1,0.8931379,0.046160832,0.060701292
GG143OH0,1,0.02688779,0.04314937,0.9299628
ACIIKYPN,0,0.025373941,0.9486832,0.025942864
KQAV0BAB,0,0.0034483112,0.47285062,0.5237011
LW13BERD,1,0.002491437,0.46576062,0.5317479
E3ZXRHQJ,0,0.004000337,0.99036205,0.005637574
WN9TL6M3,0,0.0027084267,0.98895174,0.0083398055
AELDACS5,0,0.03145898,0.73980314,0.22873785
ZLI9UXWY,0,0.010693556,0.9737161,0.015590418
G1CJ54KD,-1,0.82009023,0.032003645,0.14790604
A7668JJW,0,0.13772099,0.55327016,0.3090089
RF2PGXJQ,0,0.002755763,0.65495175,0.3422925
M8MJUZBT,1,0.0030642676,0.06523845,0.93169725
5KSIYX0C,1,0.014019538,0.014458525,0.9715219
6HZ09BUE,0,0.0038932876,0.9879131,0.008193602
PHX42097,1,0.0044881236,0.024036424,0.9714755
GQ4FXL1A,1,0.011167408,0.33068463,0.658148
G0M8V24G,1,0.005941374,0.18829335,0.8057653
DNB4FT2I,0,0.0030947104,0.98312473,0.013780587
GJRG9TTL,1,0.043424577,0.024092358,0.932483
QSOD4ZSY,0,0.0037666454,0.85556984,0.1406635
KC6NL1G0,1,0.009650426,0.118342005,0.87200755
N29QXDK2,1,0.3177487,0.3467261,0.3355252
YXXDA5HO,0,0.00228983,0.44591615,0.55179405
3T3QSWNF,1,0.8289159,0.057531912,0.11355216
G3EIM78C,-1,0.0052641165,0.035176624,0.95955926
LDJCZZ05,0,0.010101661,0.98581195,0.004086406
SQCLJZ43,1,0.0024290995,0.53127986,0.466291
NSB3C7RX,1,0.4660553,0.01875075,0.51519394
5ZS09KKW,-1,0.006083549,0.98893666,0.0049797776
9S6QLKVL,-1,0.22481668,0.22561291,0.54957044
SH4N4N23,1,0.0045625484,0.3491043,0.6463333
5YEAU0HT,-1,0.83642554,0.034372386,0.12920207
KBS22V6Q,1,0.0035588483,0.028358167,0.9680829
E06EWYRU,0,0.002395775,0.98598343,0.011620805
6PFWF2NK,-1,0.8723794,0.013549161,0.114071384
NNN1VCR6,1,0.023509264,0.052894637,0.92359614
C6BHFLHU,0,0.0018193849,0.8957274,0.102453224
K5NLTULL,1,0.009343959,0.032870002,0.957786
OJWFO3VO,0,0.0027422842,0.98493963,0.01231804
DPQDD3FZ,0,0.2504233,0.025719015,0.7238577
UH3P8RX9,1,0.0131114265,0.013205398,0.97368324
PASCOR76,1,0.0045171706,0.04081966,0.95466316
4HV971QJ,1,0.007125614,0.122904316,0.8699701
945WR4OT,1,0.094814025,0.07628976,0.8288962
624M28GZ,0,0.0018772092,0.972347,0.02577581
6NT3NDPY,0,0.0043937424,0.7771909,0.21841529
JF5MYLN9,0,0.0037914964,0.99080384,0.005404567
5CS6C999,0,0.0037763047,0.99029154,0.00593224
SGCZ9053,1,0.18068226,0.6263013,0.19301641
A5DKRA0G,0,0.00524302,0.98601365,0.008743189
4K7UCUB2,0,0.0017828714,0.88996965,0.10824754
U7JD7HFY,0,0.0030664075,0.98943895,0.007494677
R3SFFHSP,0,0.6294142,0.2848005,0.08578528
JN52PV0E,1,0.018921774,0.25431967,0.7267586
WMB7R9UP,0,0.002300071,0.9795465,0.018153489
3NDC3GPQ,0,0.0037611309,0.99012834,0.0061105215
D87LBQF9,1,0.0063214405,0.04201178,0.95166683
6KTFM51Y,0,0.0022200262,0.9835518,0.014228222
1QRD278U,0,0.0022776835,0.9712404,0.02648202
053519TK,-1,0.0074013243,0.020481778,0.97211695
XYSSLFWV,1,0.94835436,0.017327534,0.034317993
OUN9U6ZC,0,0.0024091634,0.76709306,0.23049779
7M2X5M9F,0,0.0023958222,0.980291,0.017313141
H9D7ZO37,-1,0.29550797,0.023094542,0.68139756
49WKZAR5,1,0.0030627593,0.87692606,0.12001116
QB6A0S9C,1,0.05433719,0.82087797,0.12478481
DSH5EFVW,0,0.98426485,0.008899837,0.006835218
DKSAKL1D,0,0.009755225,0.85990024,0.1303446
67YVZT6F,0,0.0057031233,0.917796,0.07650084
PP00V3JI,0,0.001721704,0.9406701,0.05760812
WVX8UGZR,1,0.022882886,0.7837468,0.19337036
95X8JKKZ,1,0.20018776,0.68356127,0.11625092
42X2QT8A,1,0.004264283,0.5955884,0.40014732
CQ8DML45,0,0.5314422,0.1246454,0.3439124
D53VHUFL,0,0.0032812117,0.98994243,0.006776444
CHR1MRLI,0,0.0021720752,0.9611233,0.036704637
1GJ8U82I,0,0.0031064628,0.99032295,0.00657047
PMW31DLQ,-1,0.0037080832,0.8282707,0.16802119
93W9O36A,0,0.78572124,0.21132778,0.0029510143
8FJLUA0X,-1,0.10216779,0.047283757,0.85054845
YJWP1KKZ,1,0.0029935085,0.9825836,0.014422953
N1LRLCSD,1,0.9633638,0.0206137,0.016022572
R0X568K8,0,0.4059253,0.4090295,0.18504523
GG8MGEM7,1,0.002787644,0.031111805,0.9661006
MRG40RSL,1,0.007837313,0.6812739,0.31088874
9R4GEJRD,1,0.0059126234,0.278903,0.71518433
ROQZNZNW,-1,0.6914793,0.15850712,0.15001361
COWGT76L,1,0.015958644,0.016670851,0.96737045
BBR46DLR,1,0.03433701,0.56213605,0.4035269
HM2TSOJQ,-1,0.0046554958,0.37730643,0.61803806
Q3U4NX0B,0,0.0021040528,0.97023106,0.02766485
A6KRKOAV,1,0.9505228,0.028133933,0.021343244
RA3I14D2,1,0.0077643455,0.06191122,0.93032444
TUUJJDOK,0,0.0145411845,0.20204693,0.78341186
RR5GCEY7,0,0.001899225,0.9618726,0.036228202
ZWKIYOEI,1,0.05084159,0.100718185,0.8484402
BI6U68HW,1,0.009100618,0.62350655,0.3673928
PKWJSMW9,0,0.88686204,0.07925677,0.033881247
BNZEGYLA,0,0.0024580793,0.9841323,0.013409692
Q395QKW5,0,0.773168,0.1776407,0.04919121
3SZD73DG,1,0.10000442,0.5641581,0.3358375
HOP3FAUL,1,0.013108618,0.84658206,0.14030933
7YY4RT28,0,0.002349972,0.98563933,0.012010706
PNX57E59,1,0.011565103,0.03911007,0.9493248
L5S8Q13U,0,0.0036560888,0.69591475,0.30042908
H9CSEGDD,1,0.008466262,0.6058239,0.38570988
8KXQQ0D0,0,0.0017515364,0.95271856,0.04552992
TN7ZYE4A,1,0.0041814265,0.020638483,0.97518003
DJXR75H7,1,0.0040873187,0.16705966,0.8288531
KB10XXEC,0,0.011054209,0.98549587,0.003449904
7Z82FKJB,1,0.0049597193,0.46947312,0.5255672
Z1NS0KXO,0,0.004482759,0.981445,0.0140721975
DLFMACKH,-1,0.003070082,0.023675114,0.97325486
QHAQXRI9,0,0.7669953,0.07426707,0.15873757
7CZGRR15,-1,0.0073029655,0.014027017,0.97866994
ILBR73KX,0,0.004317119,0.9667436,0.028939355
SN2XDDIP,1,0.41252378,0.07752198,0.5099542
4Y2XPEHH,1,0.919034,0.015084716,0.0658813
QCLOPLBC,0,0.0064238403,0.16924591,0.8243303
C39F3IT3,0,0.016582195,0.0659814,0.91743636
IV6RW8D8,1,0.0028045902,0.26321942,0.73397595
6YJYR0GQ,1,0.053113792,0.020401593,0.92648464
Y4SCI93Y,1,0.006615334,0.09981905,0.8935656
Q1EOJDGD,0,0.08367942,0.18014687,0.7361737
WREFXFBN,1,0.008453128,0.022107141,0.9694398
AON17ATX,1,0.028758548,0.3841046,0.58713686
NBBY86FX,0,0.025421742,0.9715235,0.0030547683
2N6Z4BTY,1,0.012154775,0.063428044,0.9244172
N9ZMIKWG,-1,0.13652192,0.53599447,0.32748365
P4EZMBFJ,0,0.04008039,0.9543317,0.005587896
K4RLNUCA,1,0.0035406633,0.9769533,0.019505935
JXT9P4UP,0,0.0039711357,0.98809195,0.007936937
LF0BH9FI,0,0.002514291,0.9290214,0.06846427
BXQVU52M,0,0.0043367483,0.9908742,0.004789108
I2NU86I1,0,0.0029456876,0.9815201,0.015534265
PF09KXFX,1,0.003427504,0.08255222,0.9140203
JQK89IX0,1,0.0020956811,0.15041187,0.8474924
YP1ZJ195,0,0.004773447,0.97490376,0.020322904
X50ZFPIK,0,0.04934712,0.609326,0.34132692
FOP5BYEM,1,0.017636228,0.7158313,0.26653245
AQ1628V7,1,0.027582591,0.2822861,0.6901313
7JBQ8S5U,0,0.007553007,0.98878515,0.0036618211
W800D144,1,0.007484272,0.021318777,0.97119695
MSOYMXWW,-1,0.9883338,0.0076315287,0.0040345807
DJFUWDXS,1,0.0024908497,0.026171608,0.97133756
UTF4OZPY,0,0.002254035,0.9852646,0.012481325
ON5S11AK,1,0.6409721,0.09215485,0.26687306
L1UDODHW,0,0.0018343539,0.9348432,0.06332243
H7SD88YM,0,0.0043114233,0.95630217,0.039386444
YQHMPQMM,0,0.0024547975,0.9841606,0.0133845825
N7OFZXLO,1,0.025929214,0.16180594,0.8122648
PSON2KBR,1,0.016139992,0.030069005,0.953791
OE9K3W6X,-1,0.080074206,0.5386191,0.38130665
L6J2IFN4,1,0.008720789,0.4793308,0.5119484
MI7XIH17,0,0.11479388,0.85736454,0.027841624
W8BCZD1H,0,0.002239065,0.9640138,0.03374716
299COBVF,1,0.0029261005,0.050882388,0.9461915
BINEBYZ7,1,0.011499953,0.044947978,0.9435521
OVJDKNFJ,0,0.0038346902,0.982668,0.013497299
V1Q0GWCG,0,0.0023395924,0.9781666,0.019493785
D616Y9OO,0,0.0027209918,0.84737676,0.14990231
JAVB3NEQ,1,0.24703854,0.02335529,0.7296062
40MX3BP9,-1,0.9640221,0.029021446,0.0069564953
HYK7W3S6,0,0.0029065497,0.9879654,0.009128058
AAJ0UIQT,0,0.0049135494,0.9889875,0.0060989195
FMICWH6T,0,0.0022743514,0.9720224,0.025703248
SI61ZDKP,1,0.0038761462,0.05890373,0.9372201
41URLZBO,0,0.0019033689,0.9537024,0.04439425
E3WT59OR,1,0.041146405,0.037316192,0.92153734
2AX9LC8G,1,0.004142556,0.011735427,0.98412204
YG8KLIDT,1,0.7913091,0.039846413,0.16884448
F1D9E0AU,-1,0.06802096,0.6960724,0.23590663
SVK48MG3,0,0.9539177,0.01941944,0.026662866
5UIMWY4K,0,0.361308,0.20461725,0.4340748
RUAQAKD9,0,0.055975713,0.69134986,0.25267434
KBMOEF3G,0,0.0034700276,0.98315156,0.013378308
P9SWC8XS,0,0.0036920123,0.9893817,0.00692637
XCSBU4QD,0,0.0030020343,0.9559868,0.04101128
W8YASNL1,1,0.0036765002,0.24853726,0.7477863
URJFARJX,1,0.0023145352,0.23178548,0.76589996
IY10ZK51,0,0.0028112659,0.98252237,0.014666405
1RP0D1KO,-1,0.040023487,0.30734262,0.6526339
JVREY85O,0,0.0023926992,0.9621139,0.035493363
OOT30WQY,0,0.0032149202,0.90839654,0.08838852
POKTC9VG,0,0.008829043,0.66161686,0.32955408
EW6760R8,0,0.0059530195,0.21202742,0.78201956
HBQV587J,0,0.0022314284,0.8999083,0.097860225
8EA99Y66,1,0.0045263767,0.14211531,0.8533583
ZTZH87OR,0,0.30973896,0.14735779,0.54290324
H04AQY1T,0,0.0036865084,0.9649092,0.03140433
E4ZKUZYD,1,0.06975362,0.4165731,0.5136733
97NN2PSK,1,0.024208011,0.3141908,0.6616012
IFBGV42A,1,0.84498745,0.01764422,0.1373683
3HCH8UQQ,1,0.063329265,0.1583421,0.7783286
JMNLR8RA,1,0.004535568,0.5064704,0.48899406
A2N4U0PI,0,0.010798441,0.39755332,0.5916483
GYTMUZ74,0,0.003639073,0.078118704,0.9182422
GPZY5S4R,0,0.0035061447,0.97267514,0.023818687
N9705HIU,0,0.0049340837,0.99012226,0.0049436474
4P5B2ZQM,0,0.0018396991,0.8783124,0.11984784
TS1WMWHU,0,0.004694835,0.6412417,0.35406345
SCYWF4OV,-1,0.9626983,0.022368051,0.014933687
FLG7P2LD,1,0.008074101,0.91492075,0.07700519
337VLJ72,0,0.77212775,0.2151927,0.012679521
6OAQZHCL,0,0.0053005596,0.98970336,0.004996018
B4Y4ECG7,0,0.002191669,0.983934,0.013874409
Z379FYQV,0,0.776705,0.115972765,0.10732214
F8LDAS44,1,0.0545478,0.119148254,0.82630396
B2U4KTZ2,0,0.0026531268,0.8923274,0.105019405
EDDAD9OB,0,0.0038258482,0.81723714,0.17893702
Q67GPF4H,1,0.010412569,0.049203664,0.9403838
09B6SF4U,0,0.7750093,0.028723145,0.19626762
YHFHVCZ9,0,0.0023502952,0.98497885,0.012670902
LD7P8Z63,0,0.013281846,0.8932842,0.09343398
CM2MDE75,0,0.0023669058,0.73915607,0.258477
YLNHICY1,1,0.40755332,0.2482368,0.34420985
BV8C23JH,1,0.0037700338,0.021765716,0.97446424
D8TVG1ST,-1,0.93427694,0.010870916,0.054852117
6YL4DIUZ,1,0.0049243392,0.6133963,0.3816793
91IUKY59,1,0.005553778,0.015085658,0.9793605
FW2WNO71,1,0.04889296,0.05470308,0.8964039
XDS81KTL,1,0.0028072535,0.9826539,0.014538799
1WBQGP7K,0,0.05300688,0.0613808,0.88561237
R68G1VQI,1,0.03222085,0.08081646,0.8869627
SEU18NJL,1,0.025935296,0.020216806,0.95384794
X75B5XCM,1,0.0026700562,0.7598576,0.23747234
995YO91Z,1,0.021191878,0.056815613,0.92199254
X8O98BRZ,0,0.0024708658,0.9859514,0.01157775
PIJO47YZ,1,0.91195893,0.048343908,0.039697133
R2OCLBEP,0,0.002643565,0.103714,0.8936424
G8DBJET8,1,0.06576453,0.2510162,0.68321925
II5IDT3W,1,0.73112476,0.10734746,0.1615278
0I4OZ19J,0,0.005607719,0.3308231,0.66356915
WM0KL3V9,1,0.0020583845,0.65707505,0.34086648
CT28MA7K,-1,0.007344075,0.084985435,0.9076705
YKOM5V75,1,0.9737343,0.018597687,0.007668021
YHC922GA,-1,0.9878172,0.008331422,0.0038514184
75OWTOON,0,0.0019746362,0.97198063,0.026044738
PFXK2EJ0,0,0.024330039,0.9596631,0.01600683
C4RK17S6,1,0.20343356,0.113277055,0.6832894
XOPL097S,1,0.0034375633,0.043605402,0.95295703
IVGU16IW,1,0.002393907,0.6372004,0.36040574
VSJFTCS9,1,0.033854935,0.061613604,0.9045314
2GWIBOSF,0,0.004473255,0.9878977,0.007629074
U6CG8VJL,-1,0.19913003,0.09714626,0.70372367
TD39AVPR,0,0.0024503532,0.9689654,0.028584268
451MWPD6,-1,0.96361107,0.029414259,0.0069746687
NJLA0X40,0,0.0023187604,0.98188823,0.015792988
9LKLMD7J,1,0.7659713,0.07175469,0.16227405
GBWKYZPL,0,0.0024886562,0.9832924,0.014218922
7QIM284K,1,0.0026563117,0.09567827,0.9016654
6FJ9CGIW,0,0.0029568216,0.8024523,0.19459079
V78POAZQ,0,0.011424504,0.97781575,0.010759687
BJDLGI61,0,0.0027724437,0.30515587,0.6920717
CWUNFS3X,0,0.0072599337,0.98891383,0.0038262727
6U71PDIU,1,0.0034312,0.9892837,0.007285107
0DGQBE1L,0,0.013436189,0.16779819,0.8187656
0CW8T1AU,1,0.031088624,0.24685904,0.7220523
G5VU5E3K,0,0.0025273236,0.9854116,0.0120610045
4P8VVUGW,0,0.04400891,0.266161,0.6898301
JQGXNSHN,0,0.028693883,0.10822866,0.86307746
W2YPKKRY,0,0.0035497851,0.98765755,0.008792717
7GMFOQGY,1,0.002357526,0.88600385,0.11163858
EIHH1QTF,1,0.0061264383,0.10580256,0.88807094
LN3SKR8J,-1,0.021108547,0.09411601,0.8847754
DEONNI87,-1,0.01079474,0.69643795,0.29276723
FM1EAYAE,0,0.0058708177,0.99022126,0.0039079855
HWU62513,0,0.001861492,0.882043,0.11609546
HW3YZVAD,0,0.0032335552,0.9894037,0.0073626363
W4VAQIFH,0,0.0051034014,0.37515968,0.61973697
6D3OIPOM,1,0.06927662,0.010621465,0.92010194
Z3OLV8UI,-1,0.37564898,0.017067611,0.60728335
BE2C90J6,0,0.0035435448,0.99057615,0.0058803703
339P2WMK,1,0.008550911,0.21285154,0.7785976
O4JANZLA,0,0.0023124595,0.9866715,0.01101613
YAIWEFQI,0,0.017847674,0.81356525,0.16858709
AR4JQDQI,0,0.0023521283,0.98615605,0.011491905
C2T7II41,0,0.004030362,0.96580327,0.030166352
8ZJYRW4T,1,0.0043299734,0.067444816,0.9282252
W6B82NZJ,0,0.0023539667,0.9628262,0.0348198
W7VP743U,0,0.005433199,0.9896417,0.0049251085
LH1W2JEY,1,0.80367947,0.17497694,0.021343613
027GNB7V,1,0.14410822,0.10866987,0.7472219
0ZZRXTI5,0,0.0028115527,0.9769042,0.020284217
T75U7XTS,-1,0.9784677,0.016136797,0.005395511
OGZQLVZ0,1,0.008071398,0.035689604,0.9562389
58I102GY,0,0.0024897496,0.90375686,0.09375339
J9V3YC07,0,0.003170539,0.98995435,0.0068751513
8FHQX543,0,0.0036932118,0.9737791,0.022527734
KNQQ0DZY,0,0.008830395,0.9722545,0.018915063
UGGTSDZT,0,0.0021743015,0.98009527,0.017730433
J94KPVN4,1,0.0037752083,0.091784425,0.90444034
1IZMRNTO,0,0.009503381,0.9136899,0.07680664
O7ML7EUD,1,0.0049544116,0.016657196,0.97838837
LOIWR9C3,1,0.6623886,0.301045,0.036566343
FMO0X8UT,0,0.0019812984,0.97674507,0.021273633
1HXQI3OC,1,0.010177897,0.88417494,0.10564713
2QUGX019,-1,0.8745547,0.020796787,0.10464853
UE6CQAXL,1,0.07171676,0.38478306,0.5435002
5NVGPWM1,1,0.02964749,0.029393747,0.9409588
6MXGGSBW,0,0.002781183,0.97601765,0.021201113
AYZEFZBR,0,0.011634102,0.979791,0.008574898
ERL3HFEQ,0,0.0025341073,0.9853324,0.012133442
4Q5OF3J6,0,0.0023470956,0.4287267,0.56892616
HGK3V729,-1,0.97947526,0.00919608,0.011328612
WN5NJ6VY,1,0.0035128507,0.98301756,0.013469607
FVYOX54W,1,0.576924,0.11301157,0.31006438
P656E41N,1,0.00484266,0.06634819,0.92880917
3ZWQEP29,0,0.0022384378,0.95398897,0.043772664
8LAR13PK,1,0.73741007,0.03435254,0.22823735
OGHHELLE,-1,0.98772705,0.007463847,0.004809107
L2OF97GS,-1,0.003756055,0.048088793,0.9481551
HYGY8IIJ,0,0.0017418975,0.8999503,0.09830773
ZDBKRLDZ,0,0.0022758648,0.66377866,0.3339454
X66YZ3Z5,1,0.04871138,0.060597893,0.89069074
260TCNJO,-1,0.9109136,0.078060806,0.011025639
F1GYYVU2,0,0.0037133978,0.9904529,0.0058338135
MHNOHVAI,1,0.6744474,0.08123213,0.2443204
9I04K697,0,0.0028765923,0.9825068,0.014616646
NILFDC3F,-1,0.93601483,0.03447109,0.029514033
BR7DH65Z,0,0.0041189,0.8542506,0.14163044
GFUKJLQU,0,0.094274074,0.088704266,0.81702167
RQBS7W8X,0,0.06483918,0.404894,0.5302669
5R6ZV7DJ,1,0.08374342,0.09692323,0.8193333
N62BDAGN,0,0.002388792,0.97603685,0.02157435
K6IBVFSI,0,0.81072766,0.029645484,0.15962686
EDKEAV1S,1,0.019404544,0.8911822,0.08941323
F2QL0G04,0,0.0027638208,0.9674091,0.029827118
FB1WH2HJ,-1,0.92718995,0.053645186,0.019164838
PO2CHSK3,1,0.0070911036,0.07311842,0.9197905
44ZFJ0SM,-1,0.06148742,0.9174482,0.021064304
KK8LVLJA,0,0.0020009314,0.97489864,0.023100445
6XLP521G,0,0.0027240582,0.9867942,0.010481773
VZTVBXMK,1,0.013772325,0.085236154,0.90099156
GVYX41JA,0,0.006803814,0.9221323,0.07106393
6GPIJOD2,1,0.0047892444,0.015897118,0.9793137
P5HGAVH6,1,0.016208977,0.14788182,0.8359092
5UBE3XOU,1,0.882236,0.027979078,0.08978486
9B8XIIDM,1,0.0061607445,0.23155864,0.7622806
OOK4GE9M,0,0.0020687652,0.93674034,0.06119086
AZM9EKG5,0,0.0019849287,0.8984786,0.099536486
53FMM3C5,0,0.003350588,0.99001276,0.006636721
04JF1OZF,-1,0.8989308,0.01828617,0.08278313
WX06P11T,1,0.0049047717,0.9784733,0.016622048
B291ZPIL,-1,0.009779987,0.0281562,0.96206385
9IFMM254,-1,0.8064085,0.15295623,0.040635325
E757A1EQ,1,0.11462717,0.058757357,0.8266155
TAHGXKXF,0,0.0037037034,0.9868766,0.009419662
GIGS057L,0,0.7072242,0.16103567,0.13174015
VH36C8H6,-1,0.65654767,0.27542967,0.06802264
LEX5BYIS,1,0.01083121,0.024962926,0.9642058
2Q1QH6JI,-1,0.81316036,0.015580535,0.17125905
4G4NC6OM,1,0.0030793175,0.9605379,0.036382884
22LXE6HT,-1,0.16309118,0.15445022,0.68245864
WYP7D3N2,0,0.0061513465,0.033184446,0.96066415
UPJ1VEXE,1,0.19940665,0.2705599,0.5300334
ZGBV8Q6F,1,0.011598053,0.20751745,0.7808845
LRJF3MI1,1,0.006005041,0.7054551,0.28853983
3TVKOS7H,0,0.004840495,0.9896779,0.005481493
2TRCI5Z4,-1,0.121892944,0.16349052,0.71461654
3GVVXT22,1,0.012716383,0.016766787,0.97051686
DDN0AN2H,0,0.0050531467,0.985824,0.009122965
MP8DJQMW,1,0.0047427556,0.93002224,0.065235004
H41IU86V,1,0.3726158,0.03011322,0.597271
SYERC8AQ,0,0.004191838,0.32280293,0.6730052
3UQ3D3S1,1,0.7967182,0.094961844,0.108319975
6E23NCDO,0,0.0057564694,0.98455334,0.009690276
8DCF83WI,0,0.7523681,0.026160702,0.22147115
MEJ7X4QK,1,0.0733273,0.07465008,0.85202265
2A4SF4K7,1,0.03365196,0.1851263,0.7812218
3YW6DMOG,1,0.002805784,0.7955626,0.20163156
31X12NZ4,-1,0.98953176,0.006011987,0.0044562086
GS3AO107,1,0.003303261,0.4118073,0.5848895
GLS147U8,0,0.08267842,0.85257655,0.06474504
I5J42X3X,0,0.1039264,0.8816238,0.014449778
Q60RWEDV,1,0.43163598,0.51514703,0.053216927
W2S4D9KN,1,0.64486134,0.09400283,0.26113582
YAH676B3,0,0.0063754236,0.986875,0.0067495964
NH3YCR4A,0,0.0018026172,0.9701942,0.028003188
RPKLJ8TA,-1,0.6181454,0.36758703,0.014267512
3R479UNJ,1,0.04467185,0.90179616,0.05353203
JS5KVA4G,0,0.0017421603,0.9553242,0.04293364
8DCRSEBV,0,0.0032695313,0.9904365,0.0062939255
XYV23DK8,0,0.0037726164,0.98219234,0.014035068
MJNGKTU2,0,0.025056727,0.9697084,0.0052348347
9KEJSB7Q,1,0.002542422,0.9793179,0.01813962
YGY0896F,1,0.96578896,0.020959701,0.013251374
Y3E1OFUC,-1,0.009206199,0.033344314,0.95744944
N43FBVVA,0,0.0032862679,0.990682,0.006031715
CDMFX7O1,0,0.18622705,0.7509148,0.06285814
CZWNJARY,1,0.95769256,0.024239715,0.018067786
G9N9AMPC,1,0.25636733,0.06368203,0.67995065
G0R64CWV,0,0.005319066,0.98814255,0.006538368
FFML6BB2,0,0.004114324,0.98180526,0.014080452
FH8D57VG,-1,0.9153827,0.06349174,0.02112556
4VCQO97L,0,0.18631543,0.023538621,0.79014593
Y21OU1QR,1,0.040624097,0.075093836,0.8842821
JL51Y4ZD,0,0.005413839,0.98891103,0.0056751347
020KFS9W,1,0.0031704684,0.018841665,0.9779879
VDE6O08F,0,0.02037778,0.051548723,0.9280735
E5MAKGV0,0,0.002103619,0.2789508,0.71894556
87WRDCT3,0,0.0031826624,0.98996043,0.006856866
TE40NOVB,0,0.933008,0.015231219,0.051760778
I8IJP3SI,1,0.006771015,0.67857933,0.31464964
2P3OHV1G,1,0.068321094,0.038241692,0.8934372
L7RHLPLD,1,0.43963155,0.09246763,0.4679008
6QR8MWYM,0,0.0041091302,0.9850685,0.010822431
2LGVOESB,1,0.050355133,0.03388658,0.9157583
UHZLQDPF,0,0.0026026864,0.14733468,0.85006267
Y1NXZI8X,1,0.0021271901,0.8570566,0.14081626
AU8IZLIG,0,0.0020912532,0.98315305,0.014755701
ESNMXZ55,0,0.00980749,0.9765049,0.013687536
L0BOCIN9,1,0.015742857,0.036205366,0.9480518
069IDJ9D,-1,0.9828944,0.013245722,0.0038597772
269UPV11,0,0.0026661674,0.98611814,0.011215767
JEV7X8CA,1,0.79873294,0.0651876,0.13607942
3JKU81QO,1,0.00895272,0.970811,0.02023628
DSL487R3,1,0.005901858,0.12030389,0.8737942
MGI8EA3I,1,0.0040394203,0.28810316,0.70785743
5BQTC5UC,0,0.0037481207,0.9904882,0.005763774
U0I141SE,0,0.0028165297,0.94810635,0.0490771
F8RFDMIX,1,0.003915655,0.008958767,0.9871256
YT3P3HJ4,0,0.0056422884,0.9853962,0.008961496
5YUBKZVA,0,0.0035056826,0.98960483,0.0068894546
0F7A71K7,1,0.39384326,0.056895014,0.54926175
ESDLRR9L,1,0.0043925513,0.028208693,0.96739876
U60ULVSX,1,0.4228269,0.45674708,0.120426014
O7YGH609,1,0.89750683,0.086383924,0.016109236
K1IHXYC0,0,0.49113157,0.26276726,0.24610111
WSMOFWFX,1,0.92495453,0.057557978,0.017487532
2ROTNG2K,0,0.007237281,0.9845599,0.0082028
BXPMFVMI,1,0.0028961464,0.024486812,0.97261703
Z21L0AXO,0,0.0111654475,0.013741027,0.97509354
1NL2HOZ8,1,0.0032077841,0.018230166,0.97856206
JCA3LEFI,0,0.00698451,0.40748945,0.58552605
Q2140FZ8,1,0.0027223008,0.43017274,0.56710494
FFJQ2Q4N,-1,0.89532423,0.061619382,0.043056354
FPHSSDLM,-1,0.8820035,0.053327054,0.06466952
R0BQD0BE,0,0.0020853353,0.74127054,0.2566441
R77IPOW2,1,0.113452904,0.033682905,0.85286415
23F4RGWO,1,0.83189714,0.122138046,0.04596484
IVMXD9WX,1,0.0029255028,0.098756686,0.89831775
FZD03AQG,1,0.016628228,0.012900641,0.97047114
JCOCSHFB,0,0.0034218896,0.9687563,0.027821818
OPY7E225,0,0.002336259,0.97032666,0.027337063
PKY3MK70,0,0.002455984,0.9878135,0.009730554
39L91MUE,0,0.0027286487,0.98040766,0.016863722
OXMS74UB,1,0.96779567,0.008930626,0.023273747
1SXFEBIH,1,0.04221814,0.37295508,0.58482677
3WS4IOEO,1,0.9247268,0.0549897,0.020283526
1IK8BN7T,0,0.0037137195,0.7937773,0.2025091
LFDUELMW,1,0.10387792,0.030151522,0.86597055
5V1JT52H,1,0.003473565,0.014172151,0.9823543
DKOEF4CQ,0,0.0028225565,0.9834789,0.013698565
LSW9QKJA,0,0.026245914,0.6066695,0.3670846
OW0G8TKD,1,0.89537233,0.034935795,0.0696919
E80YNWAS,1,0.0030897642,0.82103765,0.17587262
Q3SOF7AJ,1,0.035637416,0.12187496,0.84248763
8AA8RHJN,1,0.23423225,0.03000747,0.73576033
5TM7O1OP,1,0.6603992,0.030729286,0.30887148
1Q5Y605G,1,0.5022853,0.20928937,0.28842533
GJFK725V,1,0.057980586,0.072222754,0.8697967
WXSWB8S5,1,0.23510009,0.556917,0.20798297
SF1L1QLH,1,0.0790868,0.032531988,0.8883812
72WCKV5Z,0,0.0025515193,0.8589512,0.13849723
Y8PQ0BT7,1,0.0030399146,0.0728044,0.92415565
WA0KRCZ3,0,0.39041433,0.027297959,0.5822877
MSP6T4TX,0,0.004219606,0.9905877,0.0051926817
YUQNP594,1,0.0021062032,0.039277524,0.9586163
DIPF76MH,0,0.03826514,0.9459145,0.015820326
EAIESSFT,0,0.86519074,0.06529485,0.069514394
WG1H4W48,1,0.007439435,0.029930793,0.9626298
T207OL3W,0,0.005134464,0.92616665,0.06869887
A6DYX8L3,0,0.0027301142,0.98823094,0.009038893
6IRHBGQH,1,0.0062533733,0.05543366,0.93831295
GCQD4ZUX,0,0.029022688,0.9576419,0.013335299
YHBEY8L9,1,0.8405336,0.044151776,0.115314625
HSMPNG71,0,0.0021624174,0.92641824,0.07141941
9H5P42X5,1,0.007652131,0.98607427,0.0062736343
87DFM49R,1,0.0061176764,0.75764257,0.23623978
813WF1GB,1,0.5280115,0.06739517,0.40459335
GRGJ1CIS,-1,0.8496554,0.053183947,0.09716055
V6VQNL03,0,0.00996864,0.9836758,0.006355529
JTSPDE7M,1,0.014348311,0.018548068,0.96710354
5NNOIQCE,0,0.012682947,0.98403466,0.0032825123
BZMEACLU,-1,0.7617669,0.1838836,0.054349426
5KJ6SF8X,0,0.002333789,0.30365577,0.6940105
JIXO9OAE,1,0.008299571,0.10841356,0.88328683
FNU1Y1L6,-1,0.9085773,0.015317767,0.0761049
8YIDGNAL,0,0.005715044,0.7570998,0.23718524
P29W1N5C,0,0.021727214,0.02423183,0.95404094
3DLRK6OR,0,0.0019093298,0.74865586,0.24943475
Y2G7CWBW,1,0.016129686,0.5360161,0.44785428
I110AY8G,-1,0.63462657,0.045906346,0.31946713
47ML6NVS,1,0.0033617576,0.16426186,0.8323764
V8AAKTIS,0,0.39486346,0.5597242,0.045412324
4PKWV0GF,0,0.0029142161,0.96683013,0.030255625
SLLZP3GF,0,0.8984428,0.064517856,0.037039336
KQS5VTQG,1,0.90212995,0.086380556,0.011489538
CTYKRTRH,0,0.0034546054,0.9763534,0.020192029
3BMP2OMZ,0,0.00490872,0.9862729,0.008818442
DDYHJR69,1,0.53755075,0.026310239,0.43613905
ROBSHDOE,1,0.0024522718,0.66823083,0.32931688
RJLGSNS8,1,0.7229504,0.12999636,0.1470533
ZLB6T9US,0,0.0034601896,0.9664472,0.03009259
21JFVNS8,1,0.043542206,0.2486907,0.7077671
Y6YNV2MN,1,0.00638579,0.0628882,0.93072605
Q7QS5P3E,0,0.007957662,0.9808225,0.011219802
3ZFOS70O,0,0.15958141,0.61253756,0.22788101
BLSEWG0S,0,0.009130557,0.9594607,0.03140869
TQJUBNEX,1,0.01761298,0.4192465,0.5631406
HAYGYZDB,0,0.002477396,0.93296444,0.06455814
AP1D4BG5,0,0.004036788,0.9878108,0.008152416
9LHMGN1U,0,0.0047854995,0.8948168,0.100397676
7Y5GD87G,0,0.0023463368,0.94061047,0.05704317
LEW9CR9T,1,0.0076294495,0.18629567,0.8060749
KZFNSG54,0,0.01324374,0.9807686,0.005987604
J78XI566,1,0.008082242,0.9562771,0.035640582
BT88LTU0,0,0.0037741174,0.9218954,0.074330516
O2OPIX2I,-1,0.34756058,0.29317352,0.3592659
Z2W40S2G,0,0.034694225,0.34285533,0.6224504
TAYPG166,1,0.004049975,0.13257724,0.8633728
7Y7Q5HH2,0,0.24638557,0.15953656,0.5940778
LLVRWN54,0,0.0035761183,0.9905453,0.005878659
ZCOLETM5,-1,0.0046146167,0.96233666,0.03304875
XLX3D9RE,-1,0.18711759,0.20166864,0.6112138
PAF2QVG6,1,0.02351158,0.025527652,0.9509608
WZLY8A6F,0,0.0028145998,0.9887476,0.008437847
4QYN15Z1,-1,0.0022994417,0.9593936,0.03830681
P238P0J1,1,0.8981775,0.07214004,0.029682478
CMUH9AVM,0,0.4500079,0.530306,0.019686135
ENK6VVKO,1,0.030133236,0.45390522,0.5159616
9M9TQY6H,0,0.0023947253,0.67954457,0.31806073
0HAYPGQV,0,0.002024693,0.9783734,0.019601855
2R5OGXRX,0,0.0025518879,0.98849267,0.008955364
OJ9O9W5B,1,0.0040450757,0.1949718,0.80098313
TPIPVTGZ,1,0.1538634,0.12521183,0.7209248
5XJRL17K,1,0.0121283205,0.058257565,0.9296141
1A8HUW5C,0,0.003331996,0.5744857,0.42218226
YENLR7O0,0,0.0022340643,0.16746968,0.8302963
DUD2WTUE,0,0.0036953865,0.895686,0.10061869
7VG5C2Y4,0,0.002228306,0.9859277,0.011844002
6UB5NF2J,0,0.105018124,0.1429315,0.7520504
8YKKT1EG,0,0.0027146065,0.9890576,0.0082277125
P4B2LCAH,0,0.0022393991,0.98555,0.0122105945
UZBUV7QS,1,0.41157976,0.111716844,0.47670335
QH03ZNAL,0,0.14938435,0.6402675,0.21034822
OJ79RORA,1,0.02297271,0.044778373,0.93224895
0UEXAYC5,1,0.0030605386,0.13865808,0.8582814
QMO0G7VL,1,0.7205498,0.048474878,0.23097536
NON38ZMO,1,0.06985502,0.36029825,0.5698467
4KH53KQD,1,0.049532685,0.46233773,0.48812956
L8O11UWE,0,0.009974745,0.27330127,0.716724
P5PVDG2D,1,0.9268963,0.010879084,0.062224675
X935BJDP,1,0.055666294,0.28683677,0.657497
GSH72BRJ,1,0.004798116,0.073025644,0.9221762
P5ZCAUHT,1,0.7880297,0.101683535,0.11028685
HG062PJR,0,0.0030496458,0.9879996,0.008950714
64JNSMFA,1,0.08399982,0.2277533,0.6882469
RQMQ0L2A,1,0.010872212,0.045243666,0.94388413
WAIOBVMB,1,0.12428122,0.082859606,0.7928592
UK49VGUD,-1,0.21856973,0.6082148,0.1732155
E6PEDT5L,1,0.91679716,0.05982817,0.023374625
GS9O3T12,0,0.002368098,0.6610522,0.33657965
NDNZQ9PT,1,0.5172296,0.10094773,0.38182265
U5SB6XM7,0,0.006421585,0.990063,0.003515317
C0L0EIY8,1,0.0232557,0.02194873,0.9547956
WUUOPVEI,0,0.3216738,0.4008297,0.27749658
RJOE6T02,0,0.8637067,0.024425056,0.11186825
UJJ3MBNY,0,0.47328,0.23646007,0.29025984
DY8H51GQ,0,0.002732656,0.9639511,0.03331634
ES0NVFK1,0,0.0019053442,0.9685933,0.029501336
VZLJ3ETF,0,0.009662136,0.98445255,0.005885317
5NUQRZOC,0,0.18323958,0.5457278,0.27103266
FV1MA965,1,0.0040923287,0.08186949,0.9140382
D286HKI9,0,0.002526982,0.35400948,0.64346355
0HGC7045,0,0.0027453825,0.9832428,0.01401189
IDJY7D6E,1,0.008505214,0.2660556,0.72543913
64NLJYBJ,1,0.0024000981,0.30450195,0.693098
35H36EY6,1,0.024626413,0.06405492,0.91131866
OZZ4M7ET,0,0.0022125712,0.9845985,0.0131888725
9ACY6QFW,0,0.0029031844,0.9642229,0.03287397
6D03MEDF,-1,0.73954034,0.093541995,0.16691771
WXRRHP03,0,0.01013748,0.8527041,0.13715838
10CGT1SH,0,0.0019355972,0.92128253,0.07678193
18X7KXP0,1,0.034954514,0.039914023,0.92513144
EJ8SKS99,0,0.009364716,0.8751981,0.11543717
34UHCKFI,0,0.0028165313,0.983527,0.01365656
YJQNRXYM,1,0.004349953,0.20734918,0.7883008
KA2L1JWI,1,0.0030774493,0.040607713,0.9563148
S85DTIFB,1,0.0028885335,0.142339,0.85477245
OQ44LBPB,0,0.9341677,0.02292642,0.042905882
06NTRUNA,0,0.5125453,0.033522047,0.45393273
JPX8C7RF,1,0.6777902,0.18291132,0.13929845
P3J0CZMV,0,0.0026993477,0.9860123,0.011288391
5CPYGDF6,1,0.01062221,0.18108574,0.8082921
YDO6VRMI,1,0.807509,0.1494924,0.042998526
UO655GKW,0,0.9746037,0.006321123,0.019075198
2OGWZTSF,0,0.003743214,0.9248716,0.0713852
D9H1YOYX,-1,0.009984544,0.042886626,0.9471288
56MMCJSN,1,0.005742797,0.02270557,0.97155166
5ZJ5H4P9,1,0.005486154,0.9880108,0.0065029887
NNC2OVM3,1,0.013567333,0.71236354,0.27406913
JF6F3H8V,0,0.0038667235,0.093887605,0.9022457
20NBVOSW,1,0.008272534,0.06465536,0.9270721
56UHVHUA,1,0.023804849,0.03266098,0.9435342
988MESPA,0,0.0024409282,0.94507974,0.05247936
D4G6I2UO,0,0.00278359,0.9642513,0.032965157
9K1FB6BR,1,0.0077015646,0.040315233,0.9519833
JW5RYGWQ,0,0.0023458719,0.9397037,0.05795047
LV0G8EV9,0,0.0040159933,0.9801578,0.015826127
FHQB90JD,1,0.0051014517,0.037258163,0.9576404
U9NO969S,0,0.0048053055,0.9587423,0.036452454
MI40MUHK,1,0.0027920664,0.05913856,0.93806934
7S1YRGN9,1,0.0040533175,0.89908946,0.09685719
H8EK63V4,-1,0.8575153,0.024045287,0.11843944
UUMZ7A5W,0,0.0033180919,0.93930966,0.057372224
L7BG0ULR,1,0.022508342,0.01983902,0.9576526
OYYEJLXW,0,0.0039979843,0.05793802,0.938064
ELZODN5P,0,0.018022833,0.979238,0.0027391932
ZFYH4INN,0,0.1580894,0.192299,0.6496116
0H635HJ6,1,0.06182625,0.01924387,0.91892993
3LORGI2C,-1,0.0027079037,0.046274945,0.9510171
RE4YLV4S,-1,0.027757201,0.15105113,0.8211916
6GSY7LX7,1,0.9325077,0.042639825,0.02485255
67JCO5VK,-1,0.7223344,0.1815057,0.09615993
JHBY3LG3,0,0.002311468,0.9492396,0.04844888
UX0XFJFO,0,0.0055201123,0.9864188,0.008061002
42RI5W8N,0,0.021210015,0.023378046,0.955412
7YIV2LXD,0,0.0035149187,0.98335624,0.013128845
760UDFEQ,0,0.0032954144,0.99021053,0.00649407
EG27FCEE,0,0.8597795,0.089367196,0.05085323
K6P2MJND,0,0.004505768,0.98834896,0.007145217
ERUGCOSF,0,0.0134798745,0.79098904,0.1955311
TUD7N3UD,-1,0.00748474,0.028277174,0.96423805
J9SG11Q7,0,0.0026404131,0.9819358,0.015423742
AFQFRO35,1,0.003081044,0.056105234,0.94081366
VZ0O3IDS,1,0.004286618,0.64050794,0.35520548
YL8WKKFX,-1,0.15288521,0.20675145,0.64036334
V11ZK2PB,0,0.003953657,0.99049884,0.0055474215
VS1DRSYT,0,0.0032230453,0.98993635,0.0068405536
VSZ55658,0,0.0032731385,0.98814166,0.008585172
AGUHDEUY,0,0.0026223934,0.6257936,0.37158397
ABTU0GHB,0,0.004067817,0.9913004,0.004631709
5HDS7853,0,0.85734326,0.08501403,0.0576428
7437WXXZ,0,0.009431857,0.9871351,0.0034330857
MM43VXMI,0,0.0024576064,0.9863322,0.011210206
GK4LJ3VE,1,0.3803413,0.266363,0.35329577
9HN5SOGL,0,0.00563485,0.9868428,0.0075223427
4U8OB25X,0,0.02863363,0.9638848,0.0074816127
CQJ51Y1O,0,0.9458567,0.014405992,0.039737318
VDURWBG3,1,0.0025303138,0.022325728,0.975144
RV2VNISO,-1,0.0040298635,0.9872536,0.008716571
XXCWR0IX,0,0.004168141,0.9893244,0.006507556
I6PFU9AU,1,0.0057646446,0.8441531,0.15008228
CRRDTIH0,-1,0.0042733327,0.984321,0.011405666
8RLTOHXT,1,0.023159815,0.24705109,0.7297891
CHEPKM5Z,0,0.006306599,0.9845852,0.009108191
1SDZNV2M,1,0.03089839,0.14750217,0.8215994
V8PYLR1P,0,0.0031630353,0.9669174,0.029919557
JES1VHHH,0,0.0017249719,0.8580938,0.1401813
J01LGQKP,0,0.0074206237,0.24309465,0.7494847
ABFZBCJF,1,0.0039542364,0.7263243,0.26972142
FZ2AWJR6,1,0.8388843,0.021354314,0.13976146
BG0KR8DB,1,0.006999908,0.2254281,0.767572
6I78FXAD,1,0.30161616,0.08561891,0.61276495
EPLU1RAR,1,0.0025662738,0.1339966,0.8634372
M6TOPE25,0,0.0024256015,0.26868853,0.7288859
2LRU8AHC,0,0.95590085,0.04126782,0.0028313666
X1XMNAZ4,1,0.008973307,0.030130446,0.96089625
UX5N1YFB,0,0.0021975033,0.29126793,0.70653456
8ZX9BOMZ,1,0.006023861,0.015404752,0.9785715
51CSK83R,0,0.0058981245,0.9571648,0.036937032
T3D8FAET,-1,0.06968424,0.43395683,0.49635893
LZ54JZ7J,1,0.02500264,0.26471806,0.7102793
0AKN4MI1,0,0.0041975714,0.98558307,0.0102193765
26PNSJFC,1,0.0038587113,0.031802326,0.96433896
ZMNX7JQP,0,0.0033088708,0.9905053,0.0061858804
JWZ0MLPW,1,0.027985755,0.013921154,0.9580931
IWK3PDE9,0,0.0032715276,0.9901366,0.00659177
LLC7MB86,0,0.003455039,0.98650914,0.010035792
9E4OUZST,0,0.0058083297,0.9868988,0.0072929002
O1QC1UHY,0,0.42363334,0.2474697,0.3288969
S5RSAK5B,0,0.001950705,0.20084786,0.79720145
VWS67LYC,1,0.24654794,0.041794416,0.7116577
RBCHUSK7,0,0.002577908,0.9848395,0.012582523
5G4PTVA0,1,0.009635767,0.17282778,0.8175364
GWIYTC34,0,0.0031585668,0.9696078,0.027233724
B18V36S5,1,0.057539705,0.08237695,0.86008334
KVEZT1TQ,-1,0.68730885,0.029594626,0.2830965
RSVWY0P7,-1,0.7988347,0.057151213,0.14401409
316XV4QA,1,0.301907,0.012277268,0.68581575
N2QDS0QD,1,0.0024756445,0.9877824,0.009741985
73OT6RM1,0,0.0022002829,0.836472,0.16132769
X8KV468O,0,0.010269695,0.22477885,0.76495147
0VE4NWWQ,1,0.0096297525,0.5584228,0.4319474
NNE8ICTR,0,0.0051164143,0.98840815,0.0064754626
GVWMOZB7,0,0.03564686,0.6655694,0.29878372
OQQI4AD1,0,0.008197362,0.98376125,0.0080413325
IJZ1Z3YC,0,0.004800673,0.94523615,0.049963184
JYO7DXOD,0,0.3449789,0.6379094,0.017111665
YFPZ6X34,-1,0.82651275,0.16422158,0.009265688
9CVXYHPA,1,0.0026436055,0.95791674,0.03943975
FJDGT98W,1,0.020715725,0.16268581,0.8165985
XWZ6DAM6,-1,0.035834875,0.08033174,0.8838334
AZ6XBLNX,1,0.0039910786,0.6682563,0.3277526
G9ZYXQEF,0,0.0017458964,0.8469995,0.15125456
J7HHRFXQ,1,0.0044980166,0.7843603,0.21114165
YDXJHMMY,0,0.0035773392,0.09024291,0.9061797
5OGDH7P4,0,0.003972889,0.98204607,0.013981142
HQF5RMR8,0,0.049454123,0.9431881,0.0073578604
DPAXFKU3,-1,0.93464655,0.011152976,0.054200392
XVLTN7AQ,1,0.9112639,0.02373074,0.06500536
FRQPDTM1,1,0.2835169,0.024978228,0.69150484
3GDBNATS,1,0.004465057,0.49850827,0.49702677
UV5B3XQE,1,0.003736084,0.02640771,0.96985614
A83UQ081,0,0.0043332176,0.98785305,0.007813674
4BWG3QKL,0,0.015925363,0.97377,0.010304608
I1TFJ9O3,-1,0.5929463,0.2726455,0.13440828
GCW9NROM,-1,0.004019636,0.07104595,0.92493445
4037U631,1,0.0050332122,0.54742837,0.4475385
JTX0OB0P,1,0.11580547,0.017382974,0.8668116
VVAUZNW3,0,0.0028179276,0.84899837,0.14818366
84IZB8GZ,0,0.011253673,0.4566913,0.532055
U34RSEXC,1,0.006120876,0.02540139,0.96847767
WKPT641N,1,0.007193215,0.023310108,0.9694967
6HGQ3H1M,0,0.82329637,0.16259986,0.014103724
ZQMVIWCE,1,0.0026822707,0.3231647,0.6741531
AL40FCZO,-1,0.85231024,0.016970193,0.13071957
R2TMNMYN,1,0.005626883,0.65112704,0.3432461
V9X4ZPIO,0,0.004789681,0.9885033,0.0067070583
BA7XVFJ8,1,0.04311274,0.56838727,0.38850003
ZN1X92KQ,0,0.8317082,0.089936465,0.078355305
EU62EK8X,1,0.08284337,0.034940667,0.882216
HKO0ZVSS,0,0.0027559607,0.9804333,0.016810764
6Q91OG6Z,0,0.009584341,0.9676588,0.022756904
ESYI4ZZ0,0,0.79957396,0.18710181,0.013324244
LD34HL7Z,0,0.020043157,0.91338974,0.06656706
KEBPVA9N,0,0.0026129375,0.59723246,0.40015456
R5G16TN1,0,0.27487284,0.19684196,0.52828526
B5YHXQNP,1,0.027833614,0.9537961,0.018370327
CYBPQ6RY,1,0.67826176,0.040624317,0.28111383
HDOC8RWL,0,0.0033188935,0.99064684,0.006034228
9645UV58,0,0.009716262,0.9708529,0.019430863
C0RQAWOZ,0,0.0022065155,0.8607994,0.13699405
7YE0WW6U,0,0.0067556496,0.019505318,0.973739
MKQI6SIF,0,0.0028951194,0.98932284,0.0077819903
5IF3TGGA,1,0.024171349,0.35282022,0.62300843
C1STNP3U,1,0.5929667,0.2170046,0.19002883
M9F2DAQG,0,0.01422756,0.4552801,0.53049237
IG4AMRG3,0,0.0023731608,0.9832408,0.0143860495
TPV6WSPC,0,0.12901527,0.75029016,0.12069456
IE4H5MCB,1,0.46229395,0.06657652,0.47112957
8D1YOPRF,1,0.00513779,0.6888728,0.3059894
EOLT45G3,0,0.0017338576,0.96381986,0.034446266
Y57DZH1R,0,0.009350231,0.95410156,0.036548175
PVZAMTH5,1,0.021527778,0.016811747,0.9616605
LC7UHTGN,0,0.7851528,0.08323763,0.13160953
4TYD5RFJ,0,0.0528131,0.3401269,0.60705996
QGUDBWBB,0,0.0027900457,0.9889392,0.0082707
F7GSFRPT,-1,0.00350632,0.98318994,0.013303693
T46VNPQM,0,0.005217869,0.9892658,0.005516316
RJB7QRY2,-1,0.41801375,0.02642658,0.55555964
D12OS7CH,0,0.8972162,0.065564156,0.03721964
8B3XW96Z,0,0.21631585,0.23751484,0.54616934
FX45SKPB,0,0.013321646,0.9652336,0.021444777
LGPTVG2P,0,0.0027423473,0.9084011,0.088856556
FJDNIFVO,1,0.3719125,0.06373681,0.5643506
MHIHZ890,0,0.98157907,0.009426956,0.008994041
DCOGOIWU,-1,0.8734845,0.120288216,0.0062272307
9VJUN8JE,1,0.0026981053,0.18169254,0.81560934
CE76NRXA,1,0.0041160206,0.63417035,0.36171368
QNMJUWI8,-1,0.55577606,0.13403504,0.31018895
HSWPR0XE,0,0.05607345,0.78268594,0.16124056
AECQ8OHQ,1,0.04672111,0.08849066,0.8647883
XFIUWWBP,1,0.012587122,0.032569055,0.9548439
F213HUVV,-1,0.68666196,0.24004273,0.07329526
LNJI91DZ,1,0.035491683,0.84203076,0.122477524
RV3R5JGO,0,0.605098,0.05740947,0.3374925
7CC0RWI0,0,0.021138104,0.11963737,0.8592245
W98J10WQ,1,0.0063250703,0.02378956,0.96988535
PDIXL3JZ,1,0.0034044897,0.04459128,0.9520042
MP2Y59CH,0,0.05100396,0.11848025,0.8305158
U0BYO8N5,0,0.0018291554,0.96503174,0.033139102
702XXBWG,0,0.002877827,0.9747335,0.02238869
OFKTAF5G,1,0.0060238503,0.022884682,0.9710915
O1LQ72U1,0,0.0038572527,0.3000418,0.69610095
XUDRP4ZL,-1,0.045617837,0.92254066,0.03184154
8NE8L9KB,1,0.004568334,0.7208268,0.27460486
YDYDPFR1,-1,0.9888342,0.007505698,0.003660147
1ZF3CZGZ,0,0.031842418,0.5939658,0.3741917
ITH0J4MM,0,0.0031066108,0.98758453,0.009308898
XK6TBOB7,0,0.0029197254,0.6903754,0.30670482
T3AAO3BZ,0,0.0033982487,0.99034786,0.006253949
8CJWKNXQ,-1,0.1660749,0.06434747,0.7695776
U3WPQXNF,0,0.0030127892,0.9813999,0.015587267
02BRQ370,1,0.15795961,0.046651933,0.79538846
9OCLOQKW,-1,0.93133193,0.01830069,0.05036747
EJKI9IKQ,1,0.0126864575,0.026304867,0.96100867
HU4LTTZS,0,0.002650607,0.9713074,0.026041903
RUBPXTK1,0,0.0089103365,0.9876511,0.003438561
UARA5ZAH,0,0.029728033,0.74849284,0.2217791
6DKPF7FI,1,0.0047356226,0.023027986,0.9722364
8IUNCOXD,0,0.0027178687,0.9881048,0.009177282
83V7M852,0,0.002825603,0.9753863,0.021788139
1KAVNQ0L,-1,0.003509951,0.2122999,0.7841902
C1ZINNGX,1,0.2137796,0.090357356,0.695863
JY6N9TC1,0,0.005690676,0.9464853,0.047824044
4J49MFLL,0,0.0028533721,0.9883696,0.008777111
K7SMD3VA,1,0.0036705392,0.35144955,0.6448799
7Q0EL4QI,1,0.01053429,0.76808023,0.22138542
BIQ56CSU,1,0.49843386,0.05151978,0.45004633
0XVFX2F8,1,0.016597215,0.9226296,0.060773257
JRWS5P5D,1,0.0037266444,0.21754768,0.7787257
26UKG40M,-1,0.8819219,0.08699955,0.031078529
